region_id,unit_id,fire_number,discovery_date,discovery_time,first_attack_date,first_attack_time,strategy_met_date,strategy_met_time,fire_out_date,fire_out_time,total_acres,statistical_cause,latitude,longitude
1,121,2011121001,3/27/2011,15:15,3/27/2011,19:18,3/27/2011,21:20,5/25/2011,10:00,21,7,48.8811583,-95.21449025
2,244,2011244001,4/5/2011,15:06,4/5/2011,15:25,4/5/2011,15:34,4/6/2011,8:00,0.1,2,46.05651895,-92.91099296
2,232,2011232001,4/6/2011,13:51,4/6/2011,14:07,4/6/2011,14:27,4/7/2011,10:40,1,5,46.41106207,-94.32509146
2,261,2011261001,4/6/2011,17:30,4/6/2011,18:00,4/6/2011,18:05,4/6/2011,18:30,0.1,7,48.39771366,-93.56835828
3,351,2011351001,4/7/2011,12:06,4/7/2011,12:29,4/7/2011,12:55,4/7/2011,13:20,0.5,5,45.56714515,-93.42258572
3,341,2011341001,4/7/2011,13:50,4/7/2011,14:02,4/7/2011,14:40,4/7/2011,15:30,0.1,2,43.67955997,-91.54415554
3,351,2011351002,4/7/2011,14:00,4/7/2011,14:31,4/7/2011,14:49,4/7/2011,15:00,0.01,5,45.47319038,-93.30411751
2,221,2011221001,4/7/2011,14:35,4/7/2011,14:45,4/7/2011,14:49,4/7/2011,16:00,0.5,4,47.31253981,-93.5948188
2,244,2011244002,4/7/2011,16:01,4/7/2011,16:35,4/7/2011,16:35,4/8/2011,8:00,0.1,2,45.74246016,-92.83449194
3,341,2011334001,4/7/2011,16:14,4/7/2011,16:20,4/7/2011,17:00,4/8/2011,10:00,1,6,44.8245862,-93.21540587
3,351,2011351003,4/7/2011,16:45,4/7/2011,17:05,4/7/2011,17:45,4/9/2011,12:00,1.6,4,45.53556069,-93.61145594
2,232,2011232002,4/8/2011,11:00,4/8/2011,11:11,4/8/2011,11:18,4/8/2011,11:28,0.3,2,46.30736409,-94.25419841
1,111,2011111001,4/8/2011,13:00,4/8/2011,13:15,4/8/2011,13:50,4/8/2011,23:00,1,5,47.53822475,-95.43398699
3,312,2011312001,4/8/2011,13:36,4/8/2011,13:42,4/8/2011,13:50,4/11/2011,12:00,0.2,5,45.81701853,-94.2800728
2,232,2011232003,4/8/2011,14:45,4/8/2011,14:48,4/8/2011,15:30,5/23/2011,8:00,1,5,46.52050027,-93.70982935
3,312,2011312005,4/8/2011,15:11,4/8/2011,15:23,4/8/2011,15:25,4/8/2011,22:00,0.2,9,45.81584792,-94.61025091
1,111,2011111002,4/8/2011,16:15,4/8/2011,16:40,4/8/2011,17:00,4/8/2011,17:00,0.5,5,47.63388061,-94.89853594
3,351,2011351004,4/8/2011,17:53,4/8/2011,18:15,4/8/2011,18:40,5/31/2011,18:00,2.5,3,45.54748688,-92.86520815
1,111,2011111003,4/9/2011,16:30,4/9/2011,16:45,4/9/2011,17:00,4/9/2011,18:00,1.4,5,47.44603809,-95.0263633
3,351,2011351005,4/11/2011,13:01,4/11/2011,13:25,4/11/2011,13:25,4/11/2011,14:11,0.1,5,45.48319859,-93.01408829
3,312,2011312002,4/11/2011,16:55,4/11/2011,17:15,4/11/2011,17:30,4/14/2011,12:00,1.5,5,46.21105191,-94.71817874
3,351,2011351006,4/11/2011,16:58,4/11/2011,17:22,4/11/2011,17:22,4/11/2011,17:32,0.1,2,45.61409006,-93.43333976
2,261,2011261002,4/11/2011,18:26,4/11/2011,18:45,4/11/2011,19:45,4/12/2011,10:05,1,7,48.51081358,-93.71445878
1,111,2011111005,4/12/2011,11:01,4/12/2011,11:01,4/12/2011,11:10,4/13/2011,10:30,2.5,2,47.23771711,-95.01318529
1,111,2011111004,4/12/2011,11:31,4/12/2011,11:46,4/12/2011,12:20,4/15/2011,8:00,19,5,47.22291531,-95.13389799
2,244,2011244003,4/12/2011,11:36,4/12/2011,12:00,4/12/2011,12:05,4/13/2011,8:00,1,5,45.862657,-92.87100584
2,244,2011244004,4/12/2011,12:58,4/12/2011,13:15,4/12/2011,13:29,4/13/2011,8:00,0.75,2,45.81912685,-92.86056372
3,312,2011312004,4/12/2011,13:30,4/12/2011,13:36,4/12/2011,13:50,4/13/2011,12:00,5.1,5,45.9606165,-94.3425864
2,251,2011251001,4/12/2011,14:15,4/12/2011,14:20,4/12/2011,14:21,4/12/2011,14:40,0.2,5,46.92702626,-92.91929491
2,244,2011244005,4/12/2011,14:40,4/12/2011,14:59,4/12/2011,15:59,4/13/2011,8:00,44,2,45.95003447,-93.10154579
2,221,2011221002,4/12/2011,14:54,4/12/2011,15:00,4/12/2011,15:05,4/13/2011,12:00,0.2,5,47.26611999,-93.46148435
2,232,2011232004,4/12/2011,15:38,4/12/2011,16:25,4/12/2011,16:25,4/12/2011,16:25,0.3,5,46.67993757,-94.02713004
3,351,2011351007,4/12/2011,15:40,4/12/2011,15:50,4/12/2011,15:56,4/15/2011,12:00,1.1,5,45.5138651,-93.56482338
3,312,2011312003,4/12/2011,15:48,4/12/2011,15:59,4/12/2011,16:10,4/13/2011,12:00,2.1,5,46.23635152,-94.62841138
3,351,2011351008,4/12/2011,16:01,4/12/2011,16:18,4/12/2011,16:39,4/18/2011,16:00,6,5,45.52326795,-93.40179473
2,251,2011251002,4/12/2011,17:34,4/12/2011,17:38,4/12/2011,17:42,4/12/2011,17:55,0.2,5,47.17081898,-92.51279224
2,244,2011244006,4/12/2011,17:50,4/12/2011,18:17,4/12/2011,19:15,4/13/2011,8:00,7,5,46.32249016,-92.69688709
2,232,2011232005,4/12/2011,18:00,4/12/2011,18:15,4/12/2011,19:00,5/23/2011,8:00,4,5,46.70918661,-93.67178201
2,251,2011251003,4/12/2011,19:21,4/12/2011,19:31,4/12/2011,19:49,4/12/2011,19:49,0.3,5,47.0487349,-92.09297723
3,312,2011312010,4/12/2011,20:33,4/12/2011,20:42,4/12/2011,20:52,4/12/2011,21:00,1,7,45.61776315,-93.89582711
3,312,2011312006,4/13/2011,13:39,4/13/2011,13:58,4/13/2011,14:04,4/13/2011,16:00,0.5,7,45.82591666,-93.9459838
2,232,2011232006,4/13/2011,14:58,4/13/2011,15:05,4/13/2011,16:20,5/23/2011,8:00,8,5,46.47358778,-93.74621337
3,351,2011351009,4/13/2011,15:22,4/13/2011,15:52,4/13/2011,15:56,4/13/2011,16:01,0.01,5,45.58889064,-93.44879891
1,111,2011111007,4/13/2011,16:30,4/13/2011,17:15,4/13/2011,17:30,5/14/2011,8:00,1.5,7,47.42384261,-95.74455534
1,111,2011111008,4/13/2011,16:30,4/13/2011,16:40,4/13/2011,16:55,5/14/2011,8:00,0.5,2,47.38358434,-95.63949946
1,111,2011111006,4/13/2011,16:50,4/13/2011,17:00,4/13/2011,17:10,5/14/2011,8:00,0.5,7,47.44930394,-95.7447928
3,312,2011312011,4/13/2011,19:54,4/13/2011,20:02,4/13/2011,20:12,4/13/2011,20:22,0.5,7,45.60686773,-93.89061381
1,142,2011142001,4/14/2011,2:18,4/14/2011,2:35,4/14/2011,3:20,5/23/2011,11:10,0.01,9,46.87996285,-94.51020188
3,351,2011351010,4/14/2011,9:42,4/14/2011,9:50,4/14/2011,9:55,4/15/2011,12:00,0.1,2,45.44083243,-93.3448215
1,111,2011111009,4/14/2011,15:35,4/14/2011,15:50,4/14/2011,16:03,4/16/2011,10:00,0.5,5,47.64413621,-94.75578531
2,234,2011234001,4/14/2011,16:20,4/14/2011,16:38,4/14/2011,16:45,4/14/2011,17:00,0.1,7,47.3916439,-92.74128187
1,161,2011161002,4/14/2011,18:26,4/14/2011,18:36,4/14/2011,19:00,4/14/2011,20:00,1,5,46.63172062,-95.09764308
2,234,2011234002,4/14/2011,18:50,4/14/2011,18:51,4/15/2011,8:00,4/15/2011,8:00,0.1,7,47.4441443,-92.93840299
3,312,2011312009,4/14/2011,19:43,4/14/2011,20:00,4/14/2011,20:45,4/16/2011,10:00,4,5,45.94589324,-94.72884176
3,312,2011312007,4/14/2011,20:10,4/14/2011,20:18,4/14/2011,20:45,4/15/2011,8:00,7.2,2,45.89867838,-93.21249518
1,121,2011121002,4/14/2011,20:41,4/14/2011,20:50,4/14/2011,21:40,5/2/2011,8:00,10,7,48.55597248,-96.50019073
1,161,2011161001,4/14/2011,20:48,4/14/2011,21:14,4/14/2011,21:43,4/15/2011,8:00,11,7,46.98640712,-95.36270379
1,121,2011121003,4/14/2011,23:32,4/14/2011,23:40,4/14/2011,23:56,5/2/2011,8:00,2,7,48.91790373,-96.81782619
1,121,2011121004,4/14/2011,23:56,4/15/2011,0:15,4/15/2011,3:26,5/2/2011,8:00,90,7,48.90706508,-96.80136918
2,234,2011234003,4/15/2011,5:41,4/15/2011,5:47,4/15/2011,6:50,4/25/2011,9:00,0.1,7,47.52211831,-92.61683938
2,244,2011244007,4/15/2011,11:54,4/15/2011,12:30,4/15/2011,12:34,4/16/2011,8:00,0.1,2,45.83718225,-92.8606989
3,312,2011312008,4/15/2011,13:51,4/15/2011,13:58,4/15/2011,14:08,4/18/2011,9:30,0.5,5,45.69030434,-93.88623487
3,351,2011351011,4/15/2011,15:00,4/15/2011,16:02,4/15/2011,17:30,4/20/2011,8:00,11,6,45.20608725,-93.29913828
2,244,2011244008,4/15/2011,16:34,4/15/2011,16:36,4/15/2011,16:36,4/16/2011,8:00,0.1,2,45.96034133,-92.95796748
2,244,2011244009,4/15/2011,16:40,4/15/2011,16:52,4/15/2011,16:58,4/16/2011,8:00,0.1,2,45.95698121,-93.04945007
2,245,2011241001,4/15/2011,17:00,4/15/2011,18:20,4/15/2011,23:30,4/22/2011,12:00,3.75,6,48.34965781,-93.09747599
2,234,2011234004,4/15/2011,20:19,4/15/2011,20:30,4/16/2011,8:00,4/16/2011,8:00,0.1,7,47.38829527,-92.82065115
2,244,2011244010,4/17/2011,12:50,4/17/2011,13:00,4/17/2011,13:25,4/18/2011,8:00,3,5,45.74674544,-92.9789162
2,251,2011251004,4/17/2011,16:20,4/17/2011,16:28,4/17/2011,16:34,4/17/2011,18:00,0.25,5,46.49260627,-92.69152593
2,244,2011244011,4/17/2011,18:24,4/17/2011,18:47,4/17/2011,18:56,4/18/2011,8:00,2.5,5,46.36265606,-92.83229091
1,121,2011121005,4/17/2011,21:10,4/17/2011,21:10,4/17/2011,21:15,4/18/2011,9:00,0.1,5,48.83758018,-95.15362235
2,244,2011244012,4/18/2011,16:43,4/18/2011,16:56,4/18/2011,17:06,4/19/2011,8:00,1,5,46.22508573,-92.85327628
3,312,2011312012,4/18/2011,23:25,4/18/2011,23:50,4/18/2011,23:55,4/19/2011,8:00,0.2,7,46.15852005,-93.79558824
3,351,2011351012,4/19/2011,12:01,4/19/2011,12:21,4/19/2011,12:48,4/19/2011,14:00,0.01,5,45.52363656,-93.4478956
3,312,2011312013,4/19/2011,19:10,4/19/2011,19:32,4/19/2011,19:55,4/20/2011,8:00,7.4,7,45.73771671,-93.43339526
3,312,2011312014,4/19/2011,21:17,4/19/2011,21:30,4/19/2011,22:00,4/22/2011,8:00,5,7,45.61692688,-93.76307434
2,251,2011251005,4/21/2011,17:32,4/21/2011,17:45,4/21/2011,17:50,4/21/2011,18:05,0.1,5,46.62193952,-92.53059117
2,221,2011221003,4/21/2011,19:48,4/21/2011,20:18,4/21/2011,20:35,5/5/2011,15:30,1.5,5,47.25174676,-93.45089264
1,121,2011121006,4/23/2011,13:42,4/23/2011,13:55,4/23/2011,14:12,5/2/2011,8:00,2,7,48.61036049,-96.45128937
1,111,2011111010,4/23/2011,16:30,4/23/2011,16:40,4/23/2011,16:55,5/24/2011,8:00,3,7,47.26460214,-95.62371316
2,251,2011251006,4/24/2011,13:05,4/24/2011,13:11,4/24/2011,13:17,4/24/2011,13:56,1,5,46.74117301,-92.45207516
2,244,2011244013,4/24/2011,13:07,4/24/2011,13:30,4/24/2011,14:11,4/25/2011,8:00,10,5,46.27504034,-92.54426945
1,161,2011161003,4/24/2011,13:25,4/24/2011,13:45,4/24/2011,14:00,4/24/2011,14:30,0.2,5,46.51946789,-94.9181981
2,234,2011234005,4/24/2011,13:28,4/24/2011,13:49,4/24/2011,14:25,4/25/2011,12:00,0.1,7,47.51707195,-92.52795191
3,351,2011351013,4/24/2011,13:40,4/24/2011,14:11,4/24/2011,15:27,5/31/2011,18:00,0.5,5,45.42825131,-93.03308364
1,161,2011161006,4/24/2011,14:12,4/24/2011,14:12,4/24/2011,14:30,4/25/2011,8:00,0.1,7,46.98629582,-95.39447141
1,161,2011161007,4/24/2011,15:56,4/24/2011,15:56,4/24/2011,16:10,4/25/2011,8:00,0.1,7,46.97540218,-95.40241283
1,111,2011111011,4/24/2011,16:18,4/24/2011,16:23,4/24/2011,18:00,5/2/2011,8:00,63.5,7,47.35618373,-95.53343404
1,161,2011161008,4/24/2011,17:13,4/24/2011,17:13,4/24/2011,18:00,4/25/2011,8:00,0.5,7,47.00096695,-95.36275399
3,312,2011312015,4/24/2011,17:19,4/24/2011,17:45,4/24/2011,17:55,4/26/2011,8:00,0.7,5,46.05913119,-93.07326458
2,245,2011241002,4/24/2011,19:45,4/24/2011,20:00,4/24/2011,20:35,4/24/2011,20:35,0.5,7,48.41065149,-93.15053734
1,121,2011121007,4/24/2011,20:46,4/24/2011,21:00,4/24/2011,22:19,5/2/2011,8:00,80,7,48.52015619,-96.57601229
1,111,2011111012,4/24/2011,23:53,4/24/2011,23:53,4/24/2011,23:53,4/25/2011,8:00,0.25,7,47.26410188,-95.78215531
3,351,2011351015,4/25/2011,5:35,4/25/2011,15:50,4/25/2011,15:57,4/29/2011,8:00,0.2,4,45.43116193,-93.94050388
1,161,2011163001,4/25/2011,10:57,4/25/2011,11:31,4/25/2011,11:50,4/28/2011,8:00,1,7,47.09439876,-95.82965927
2,251,2011251007,4/25/2011,10:58,4/25/2011,11:32,4/25/2011,11:42,4/25/2011,12:29,2.5,6,46.78768835,-92.30440565
2,244,2011244014,4/25/2011,11:51,4/25/2011,12:10,4/25/2011,12:10,4/25/2011,12:15,0.1,2,45.89553237,-92.9683415
2,244,2011244015,4/25/2011,12:41,4/25/2011,13:08,4/25/2011,13:08,4/25/2011,13:08,0.2,2,46.20377391,-93.03009816
1,131,2011131001,4/25/2011,13:10,4/25/2011,13:30,4/25/2011,14:32,4/28/2011,17:00,0.01,5,48.73089598,-94.67138072
3,312,2011312016,4/25/2011,13:18,4/25/2011,13:20,4/25/2011,13:30,4/28/2011,8:00,0.1,2,45.58302511,-93.65809223
1,161,2011163005,4/25/2011,13:22,4/25/2011,13:30,4/25/2011,13:35,4/25/2011,13:45,1,9,46.82748244,-95.84554556
2,232,2011232007,4/25/2011,13:25,4/25/2011,13:58,4/25/2011,13:58,4/25/2011,14:00,0.02,5,46.17284557,-93.88064976
3,351,2011351014,4/25/2011,13:59,4/25/2011,14:05,4/25/2011,14:12,4/29/2011,8:00,0.5,5,45.47758468,-93.62140973
1,111,2011111016,4/25/2011,14:00,4/25/2011,14:15,4/25/2011,14:45,4/25/2011,15:05,4,5,47.6541857,-95.26279167
2,234,2011234006,4/25/2011,14:10,4/25/2011,14:16,4/25/2011,14:24,4/25/2011,14:40,0.1,9,47.44908078,-92.89618792
1,161,2011163002,4/25/2011,14:30,4/25/2011,14:46,4/25/2011,15:43,4/25/2011,16:00,25.5,5,45.88712566,-95.18408374
2,232,2011232008,4/25/2011,14:40,4/25/2011,15:10,4/25/2011,15:35,4/25/2011,15:35,0.5,4,46.7522512,-93.61013773
1,161,2011163003,4/25/2011,14:46,4/25/2011,15:00,4/25/2011,15:30,4/27/2011,16:00,27,5,46.15297009,-95.71602853
1,161,2011161005,4/25/2011,15:00,4/25/2011,15:09,4/25/2011,15:13,4/26/2011,8:00,0.1,7,46.97162474,-95.41214349
2,244,2011244016,4/25/2011,15:08,4/25/2011,15:24,4/25/2011,15:28,4/25/2011,16:00,0.1,4,46.3514806,-92.75395288
1,131,2011131002,4/25/2011,15:30,4/25/2011,15:45,4/25/2011,16:26,4/28/2011,12:20,3,5,48.85660635,-94.92976409
1,111,2011111014,4/25/2011,16:00,4/25/2011,16:00,4/25/2011,16:00,5/9/2011,9:30,0.1,5,47.4672883,-95.63927086
1,111,2011111013,4/25/2011,16:10,4/25/2011,16:19,4/25/2011,16:24,5/2/2011,8:00,0.2,7,47.35252761,-95.5489638
1,131,2011131003,4/25/2011,16:10,4/25/2011,16:18,4/25/2011,16:50,4/28/2011,17:00,0.25,5,48.71226365,-94.76078667
3,312,2011312018,4/25/2011,16:17,4/25/2011,16:17,4/25/2011,16:20,4/25/2011,16:48,0.1,5,45.87813342,-93.65503396
3,351,2011351016,4/25/2011,16:38,4/25/2011,16:49,4/25/2011,17:13,4/26/2011,8:00,0.01,5,45.44089111,-93.41636141
3,312,2011312019,4/25/2011,16:57,4/25/2011,17:18,4/25/2011,17:18,4/25/2011,17:30,0.01,5,45.73373598,-93.83694906
1,121,2011121008,4/25/2011,17:09,4/25/2011,17:20,4/25/2011,18:00,5/2/2011,8:00,80,7,48.68644896,-96.55912449
1,161,2011161004,4/25/2011,17:35,4/25/2011,17:42,4/25/2011,18:00,4/27/2011,16:30,1.2,4,46.88569795,-95.16516368
1,161,2011163006,4/25/2011,17:48,4/25/2011,17:55,4/25/2011,18:02,4/25/2011,18:15,0.2,7,47.02216565,-95.85155206
2,221,2011221004,4/25/2011,17:48,4/25/2011,17:54,4/25/2011,18:05,4/25/2011,18:30,0.1,7,47.22654313,-93.52071533
2,232,2011232010,4/25/2011,17:50,4/25/2011,17:55,4/25/2011,18:15,4/25/2011,18:30,1,7,46.33804857,-94.28386354
2,244,2011244017,4/25/2011,18:22,4/25/2011,18:25,4/25/2011,18:36,4/25/2011,18:36,0.1,5,46.12369642,-92.90006418
2,232,2011232009,4/25/2011,18:23,4/25/2011,19:04,4/25/2011,19:40,5/23/2011,8:00,10,7,46.78422769,-93.33489638
3,312,2011312017,4/25/2011,18:55,4/25/2011,19:10,4/25/2011,19:30,4/26/2011,8:00,0.5,5,45.94910963,-93.34770152
2,234,2011234008,4/25/2011,22:40,4/25/2011,22:45,4/25/2011,22:50,5/2/2011,8:00,0.1,7,47.41508926,-92.9231389
3,312,2011312020,4/26/2011,0:25,4/26/2011,0:40,4/26/2011,0:50,4/26/2011,0:55,2,7,45.84239372,-93.86577532
1,161,2011163004,4/26/2011,11:00,4/26/2011,12:00,4/26/2011,16:00,4/30/2011,8:00,196,7,47.1495717,-95.94637903
1,111,2011111017,4/26/2011,11:00,4/26/2011,12:00,4/26/2011,16:00,5/9/2011,9:30,578,7,47.1602917,-95.94631243
2,253,2011253001,4/26/2011,11:19,4/26/2011,11:34,4/26/2011,12:00,4/27/2011,11:00,3.5,9,47.1068061,-91.52057376
1,131,2011131005,4/26/2011,12:37,4/26/2011,12:54,4/26/2011,12:58,4/27/2011,15:00,1,7,48.88517913,-95.04458096
1,131,2011131006,4/26/2011,12:38,4/26/2011,12:55,4/26/2011,12:58,4/27/2011,15:00,1,7,48.88915407,-94.94111238
1,121,2011121009,4/26/2011,15:30,4/26/2011,16:45,4/26/2011,17:45,5/25/2011,10:00,12,7,48.28356224,-95.52189562
2,234,2011234007,4/26/2011,20:15,4/26/2011,20:20,4/26/2011,22:35,4/27/2011,8:00,0.1,7,47.49535627,-92.86095338
1,111,2011111015,4/26/2011,20:30,4/26/2011,20:40,4/26/2011,20:50,5/2/2011,8:00,4,7,47.26785991,-95.63429222
1,131,2011131004,4/26/2011,22:00,4/26/2011,22:30,4/26/2011,22:30,4/26/2011,23:00,1,5,48.7738024,-94.71531263
2,261,2011261003,4/26/2011,22:00,4/26/2011,22:30,4/26/2011,23:15,5/3/2011,17:00,4.4,7,48.22908297,-93.82207654
1,121,2011121010,4/27/2011,8:00,4/27/2011,8:20,4/27/2011,10:00,5/25/2011,10:00,135,7,48.27915403,-95.36571607
1,131,2011131007,4/27/2011,14:22,4/27/2011,14:38,4/27/2011,14:40,5/2/2011,8:47,0.5,5,48.80306369,-94.76445426
1,161,2011163007,4/27/2011,15:35,4/27/2011,15:39,4/27/2011,15:50,4/27/2011,16:50,1.5,5,46.08781748,-95.8453255
1,117,2011117002,4/28/2011,5:30,4/28/2011,6:00,4/28/2011,6:15,4/28/2011,6:30,1,7,48.35794098,-94.55674548
1,111,2011111020,4/28/2011,12:45,4/28/2011,13:00,4/28/2011,14:00,5/2/2011,8:00,170,7,47.39808128,-95.63912385
1,117,2011117001,4/28/2011,13:12,4/28/2011,13:30,4/28/2011,13:30,5/3/2011,16:58,0.1,5,47.72422092,-94.67933066
1,117,2011117003,4/28/2011,13:40,4/28/2011,13:58,4/28/2011,14:10,5/10/2011,8:00,0.1,5,47.85558959,-94.78836861
1,111,2011111018,4/28/2011,14:00,4/28/2011,14:10,4/28/2011,14:23,4/30/2011,8:00,1.5,2,47.47277898,-95.35816491
1,111,2011111019,4/28/2011,14:10,4/28/2011,14:30,4/28/2011,16:00,5/2/2011,8:00,15,5,47.3516629,-95.75574497
1,111,2011111022,4/28/2011,16:30,4/28/2011,16:40,4/28/2011,17:00,5/2/2011,8:00,1,7,47.31258532,-95.50143114
1,111,2011111021,4/28/2011,16:35,4/28/2011,16:37,4/28/2011,17:30,5/2/2011,8:00,0.1,7,47.38508481,-95.52257631
1,121,2011121013,4/28/2011,17:15,4/28/2011,17:30,4/28/2011,21:30,5/2/2011,8:00,60,5,48.68687099,-96.71708924
1,121,2011121011,4/28/2011,17:30,4/28/2011,18:15,4/28/2011,20:30,5/25/2011,10:00,144,5,48.25794636,-95.74638713
2,232,2011232013,4/28/2011,18:10,4/28/2011,18:20,4/28/2011,21:00,5/23/2011,8:00,0.5,7,46.79144882,-93.32418394
1,131,2011131008,4/28/2011,23:11,4/28/2011,23:45,4/29/2011,0:15,4/29/2011,0:30,3,7,48.87480628,-94.96227006
1,121,2011121012,4/29/2011,5:56,4/29/2011,6:00,4/29/2011,10:00,5/2/2011,8:00,80,7,48.68651339,-96.58111806
2,251,2011251008,4/29/2011,11:28,4/29/2011,11:40,4/29/2011,11:40,4/29/2011,11:53,0.25,5,46.58596421,-92.49565869
1,111,2011111028,4/29/2011,12:26,4/29/2011,12:39,4/29/2011,12:54,4/30/2011,8:00,1.5,5,47.48939827,-95.53890805
1,121,2011121014,4/29/2011,12:59,4/29/2011,13:25,4/29/2011,17:30,6/2/2011,8:00,87,7,48.23910824,-95.82747616
2,251,2011251009,4/29/2011,13:18,4/29/2011,13:44,4/29/2011,13:50,4/29/2011,14:03,0.01,5,46.90338136,-92.31505573
1,121,2011121015,4/29/2011,14:15,4/29/2011,16:50,4/29/2011,18:00,5/31/2011,8:00,20,7,48.3926475,-95.64337712
2,244,2011244019,4/29/2011,14:45,4/29/2011,15:00,4/29/2011,15:00,4/29/2011,15:15,0.25,4,46.25892857,-93.35468911
2,251,2011251010,4/29/2011,14:47,4/29/2011,15:03,4/29/2011,15:07,4/29/2011,15:30,0.3,2,46.77767729,-92.36729325
1,111,2011111024,4/29/2011,15:05,4/29/2011,15:10,4/29/2011,15:30,5/2/2011,9:00,1.3,9,47.26044717,-95.75577678
1,121,2011121016,4/29/2011,15:12,4/29/2011,15:20,4/29/2011,17:03,5/25/2011,8:00,40,7,48.90711352,-96.82328221
2,244,2011244018,4/29/2011,15:38,4/29/2011,16:06,4/29/2011,16:07,4/30/2011,8:00,0.01,5,46.35111383,-92.57642892
1,117,2011117004,4/29/2011,15:45,4/29/2011,15:54,4/29/2011,15:58,5/3/2011,16:57,1,2,47.75318379,-94.55029206
3,351,2011351017,4/29/2011,16:16,4/29/2011,16:26,4/29/2011,16:29,5/2/2011,8:00,0.25,5,45.38837335,-93.83709971
1,111,2011111023,4/29/2011,17:30,4/29/2011,17:50,4/29/2011,18:30,5/9/2011,9:00,0.1,5,47.3979926,-94.65755075
3,312,2011312021,4/29/2011,17:50,4/29/2011,18:00,4/29/2011,18:01,4/29/2011,18:30,0.1,7,45.97139617,-94.33206873
1,111,2011111025,4/29/2011,17:53,4/29/2011,17:54,4/29/2011,17:56,4/29/2011,18:01,0.1,7,47.39043801,-94.63660289
1,121,2011121017,4/29/2011,18:21,4/29/2011,18:49,4/29/2011,20:45,5/25/2011,8:00,68,7,48.67272231,-96.3466718
1,131,2011131009,4/29/2011,19:10,4/29/2011,19:20,4/29/2011,21:50,5/2/2011,8:47,138,7,48.57907534,-94.64531165
1,121,2011121018,4/29/2011,19:53,4/29/2011,20:15,4/29/2011,20:58,5/2/2011,8:00,80,7,48.6698939,-95.86753323
1,121,2011121020,4/29/2011,20:45,4/29/2011,20:55,4/29/2011,21:15,5/2/2011,8:00,1,7,48.57442903,-96.49986607
1,121,2011121019,4/29/2011,21:03,4/29/2011,21:20,4/29/2011,22:00,6/1/2011,8:00,1,5,48.87406851,-95.36090601
2,232,2011232011,5/2/2011,14:45,5/2/2011,14:55,5/2/2011,16:05,5/23/2011,8:00,1,7,46.89763973,-93.62193326
2,221,2011221005,5/2/2011,16:10,5/2/2011,16:19,5/2/2011,16:22,5/5/2011,14:00,0.1,5,47.16873014,-93.41432534
2,232,2011232014,5/2/2011,18:06,5/2/2011,18:20,5/2/2011,20:00,5/23/2011,8:00,0.5,7,46.79144882,-93.32418394
1,121,2011121021,5/2/2011,19:00,5/2/2011,19:30,5/2/2011,21:00,5/2/2011,21:00,5,7,48.27177393,-95.35486247
2,244,2011244020,5/3/2011,11:04,5/3/2011,11:09,5/3/2011,11:26,5/4/2011,8:00,0.25,2,45.85570863,-92.95282955
1,142,2011142002,5/3/2011,13:09,5/3/2011,13:32,5/3/2011,14:45,5/5/2011,8:00,19,5,46.53470587,-94.39499601
2,244,2011244021,5/3/2011,13:12,5/3/2011,13:20,5/3/2011,13:35,5/4/2011,8:00,1,2,46.32984499,-92.82184178
1,161,2011161010,5/3/2011,13:30,5/3/2011,13:40,5/3/2011,14:30,5/10/2011,8:00,0.5,5,46.85296838,-95.2709439
2,251,2011251011,5/3/2011,13:43,5/3/2011,14:18,5/3/2011,14:34,5/3/2011,14:34,0.01,5,46.99438401,-92.1197414
1,117,2011117005,5/3/2011,14:08,5/3/2011,14:31,5/3/2011,14:42,5/10/2011,8:00,0.5,5,47.87341322,-94.64714215
2,234,2011234009,5/3/2011,14:47,5/3/2011,14:59,5/3/2011,15:30,5/6/2011,8:00,0.1,3,47.52240285,-92.85988567
2,234,2011234010,5/3/2011,15:08,5/3/2011,15:28,5/3/2011,15:48,5/6/2011,8:00,0.2,5,47.55719032,-92.88559329
1,111,2011111026,5/3/2011,15:45,5/3/2011,15:55,5/3/2011,16:00,5/4/2011,8:00,1,7,47.43110149,-95.74994594
2,251,2011251012,5/3/2011,16:27,5/3/2011,17:02,5/3/2011,17:20,5/3/2011,17:28,0.2,5,46.95655311,-92.58897127
1,161,2011161009,5/3/2011,16:35,5/3/2011,16:55,5/3/2011,17:30,5/4/2011,8:00,0.2,2,46.95140812,-94.77360366
3,312,2011312023,5/3/2011,17:06,5/3/2011,17:26,5/3/2011,17:39,5/5/2011,8:00,0.3,2,45.87097644,-94.42895682
1,161,2011163008,5/3/2011,19:40,5/3/2011,20:00,5/3/2011,20:05,5/4/2011,8:00,1,7,46.90291214,-95.48541177
3,312,2011312022,5/3/2011,21:31,5/3/2011,21:41,5/3/2011,21:41,5/4/2011,8:00,0.1,7,45.93102157,-93.37250836
3,312,2011312024,5/4/2011,10:23,5/4/2011,10:32,5/4/2011,13:45,5/5/2011,10:00,157,7,45.8694165,-93.98853102
2,251,2011251013,5/4/2011,12:51,5/4/2011,13:02,5/4/2011,13:09,5/4/2011,13:19,0.1,2,46.70889678,-92.4681795
1,111,2011111029,5/4/2011,13:00,5/4/2011,13:10,5/4/2011,13:30,5/4/2011,13:30,0.1,5,47.40594805,-94.94597157
2,251,2011251014,5/4/2011,14:31,5/4/2011,14:41,5/4/2011,14:42,5/4/2011,15:10,0.25,5,46.86012291,-92.14029226
1,142,2011142003,5/4/2011,14:35,5/4/2011,14:38,5/4/2011,14:41,5/11/2011,20:11,0.1,5,46.71675689,-94.4118632
1,111,2011111030,5/4/2011,15:00,5/4/2011,15:30,5/4/2011,16:00,5/4/2011,16:00,0.25,5,47.25921029,-95.11337458
2,251,2011251016,5/4/2011,16:13,5/4/2011,16:22,5/4/2011,16:34,5/5/2011,9:00,0.02,9,46.71977085,-92.47860628
3,351,2011351019,5/4/2011,16:25,5/4/2011,16:40,5/4/2011,18:17,5/14/2011,17:00,2.6,5,45.34836996,-93.67249871
1,111,2011111027,5/4/2011,17:00,5/4/2011,17:20,5/4/2011,18:00,5/27/2011,8:00,12,5,47.53723395,-95.09021655
3,351,2011351018,5/4/2011,17:11,5/4/2011,17:20,5/4/2011,17:54,5/4/2011,18:53,0.25,9,45.50246538,-93.3096128
2,234,2011234011,5/4/2011,17:13,5/4/2011,17:15,5/4/2011,17:24,5/6/2011,8:00,0.1,7,47.43008916,-92.93814093
3,312,2011312026,5/4/2011,17:25,5/4/2011,17:36,5/4/2011,18:03,5/9/2011,11:00,3,9,45.89554208,-94.03363373
2,251,2011251015,5/4/2011,17:34,5/4/2011,17:42,5/4/2011,17:47,5/5/2011,8:00,0.1,7,46.834765,-92.21436663
2,232,2011232012,5/4/2011,17:55,5/4/2011,18:40,5/4/2011,19:19,5/4/2011,20:33,5,5,46.61716802,-93.09306894
1,121,2011121023,5/5/2011,15:27,5/5/2011,16:00,5/5/2011,16:45,5/25/2011,10:00,10,7,48.48425852,-96.29735623
1,121,2011121022,5/5/2011,15:30,5/5/2011,16:00,5/5/2011,16:45,5/25/2011,10:00,46,7,48.46976724,-96.27483334
3,312,2011312028,5/5/2011,18:45,5/5/2011,19:00,5/5/2011,19:20,5/9/2011,10:45,0.1,7,45.91443307,-94.46996838
1,161,2011163009,5/6/2011,10:46,5/6/2011,11:17,5/6/2011,11:25,5/10/2011,9:00,0.3,7,47.01885506,-95.76123516
1,111,2011111032,5/6/2011,12:00,5/6/2011,12:00,5/6/2011,12:01,5/6/2011,12:02,0.5,2,47.65814478,-95.3438883
3,312,2011312027,5/6/2011,12:07,5/6/2011,12:12,5/6/2011,12:22,5/9/2011,10:45,1,9,46.06837236,-94.04209214
1,117,2011117006,5/6/2011,13:56,5/6/2011,14:20,5/6/2011,14:53,6/10/2011,8:00,2.5,2,47.89497777,-94.68025699
1,121,2011121027,5/6/2011,15:40,5/6/2011,15:45,5/6/2011,16:15,5/6/2011,16:15,1,5,48.30123906,-95.78400359
1,111,2011111031,5/6/2011,16:25,5/6/2011,16:45,5/6/2011,18:00,5/6/2011,18:00,0.1,5,47.5869193,-94.97364683
2,244,2011244022,5/6/2011,17:45,5/6/2011,17:50,5/6/2011,18:00,5/7/2011,8:00,0.25,9,46.41657857,-92.75951588
2,221,2011221006,5/6/2011,18:36,5/6/2011,19:19,5/6/2011,20:11,5/12/2011,15:00,0.3,5,47.46912867,-93.44783862
3,312,2011312029,5/6/2011,23:09,5/6/2011,23:54,5/7/2011,0:20,5/7/2011,12:00,2.4,5,45.9202631,-93.99032351
1,161,2011163010,5/6/2011,23:40,5/6/2011,23:50,5/7/2011,0:10,5/7/2011,0:20,1.5,7,46.86279916,-95.46680365
1,121,2011121024,5/7/2011,0:54,5/7/2011,1:15,5/7/2011,1:59,5/25/2011,8:00,10,7,48.71903032,-96.70848683
3,351,2011351020,5/7/2011,13:14,5/7/2011,13:19,5/7/2011,13:25,5/9/2011,9:00,0.25,5,45.46726444,-93.55967579
2,244,2011244023,5/7/2011,14:09,5/7/2011,14:12,5/7/2011,14:35,5/8/2011,8:00,2.25,5,46.11629953,-92.85859957
3,351,2011351021,5/7/2011,14:11,5/7/2011,14:48,5/7/2011,15:21,5/7/2011,18:00,0.25,5,45.41924327,-93.40122241
1,121,2011121026,5/7/2011,15:45,5/7/2011,16:43,5/7/2011,18:03,5/25/2011,8:00,116,7,48.53819383,-96.59778596
1,121,2011121025,5/7/2011,15:56,5/7/2011,16:10,5/7/2011,18:03,5/25/2011,8:00,10,7,48.53075567,-96.53734739
2,234,2011234012,5/7/2011,16:15,5/7/2011,16:25,5/7/2011,16:30,6/3/2011,8:00,0.2,7,47.50351392,-92.9119089
1,142,2011142004,5/7/2011,19:30,5/7/2011,20:15,5/7/2011,21:30,5/9/2011,8:00,27,7,46.53721663,-94.76791834
1,161,2011163011,5/7/2011,21:50,5/7/2011,22:00,5/7/2011,22:20,5/7/2011,22:42,5,7,46.86300181,-95.45067442
2,251,2011251017,5/8/2011,10:59,5/8/2011,11:15,5/8/2011,11:37,5/9/2011,8:00,0.1,9,46.71383222,-92.88083297
1,121,2011121028,5/8/2011,13:37,5/8/2011,13:50,5/8/2011,14:45,5/25/2011,8:00,15,7,48.51656067,-96.58137992
1,121,2011121029,5/9/2011,23:25,5/9/2011,23:40,5/9/2011,23:59,5/25/2011,8:00,7,7,48.58843248,-96.53774113
2,251,2011251018,5/11/2011,12:23,5/11/2011,12:51,5/11/2011,13:10,5/11/2011,13:14,0.7,5,46.59642394,-92.4568651
2,245,2011245001,5/11/2011,17:16,5/11/2011,17:29,5/11/2011,17:40,5/13/2011,8:00,0.01,3,47.89433055,-92.55599932
2,234,2011234013,5/11/2011,22:15,5/11/2011,22:21,5/11/2011,22:30,5/16/2011,8:00,0.1,7,47.48473026,-92.86145929
2,234,2011234014,5/13/2011,11:25,5/13/2011,11:38,5/13/2011,11:40,5/13/2011,12:00,0.1,4,47.38278338,-92.91939683
2,234,2011234015,5/14/2011,11:25,5/14/2011,11:38,5/14/2011,11:40,5/15/2011,11:00,0.5,5,47.48466039,-93.18207919
1,131,2011131010,5/14/2011,11:45,5/14/2011,12:03,5/14/2011,12:06,5/14/2011,12:17,0.2,7,48.75564094,-94.88500506
2,244,2011244024,5/14/2011,12:00,5/14/2011,12:30,5/14/2011,13:00,5/15/2011,8:00,0.25,7,46.03418781,-93.00501392
2,234,2011234016,5/14/2011,18:28,5/14/2011,18:50,5/14/2011,19:10,6/3/2011,8:00,2.5,9,47.45402438,-92.78303016
1,121,2011121030,5/14/2011,20:25,5/14/2011,20:35,5/14/2011,21:22,5/25/2011,8:00,20,7,48.96133455,-96.92769621
1,121,2011121031,5/14/2011,21:43,5/14/2011,22:00,5/14/2011,22:56,5/25/2011,8:00,50,7,48.90706508,-96.80136918
1,121,2011121032,5/15/2011,11:27,5/15/2011,11:45,5/15/2011,13:00,5/25/2011,8:00,5,7,48.57522074,-97.01637849
2,261,2011261004,5/15/2011,12:15,5/15/2011,12:20,5/15/2011,12:30,5/17/2011,14:30,0.4,5,48.40148954,-93.54663433
1,121,2011121033,5/15/2011,12:38,5/15/2011,12:45,5/15/2011,13:25,5/21/2011,8:00,18,7,48.59969184,-96.60891325
1,121,2011121034,5/15/2011,13:08,5/15/2011,13:08,5/15/2011,14:10,5/25/2011,8:00,14,5,48.71573085,-96.1487181
2,232,2011232017,5/15/2011,13:10,5/15/2011,13:20,5/15/2011,14:20,5/23/2011,8:00,8,5,46.42621859,-93.88668686
2,221,2011221007,5/15/2011,14:09,5/15/2011,14:23,5/15/2011,14:43,5/20/2011,14:00,0.3,5,47.26636286,-93.34963767
2,232,2011232015,5/15/2011,14:22,5/15/2011,14:30,5/15/2011,20:00,5/31/2011,8:00,0.5,5,46.58758988,-93.80137378
1,121,2011121035,5/15/2011,14:24,5/15/2011,14:36,5/15/2011,15:03,5/21/2011,8:00,5,7,48.57099092,-96.65210139
2,244,2011244025,5/15/2011,15:10,5/15/2011,15:30,5/15/2011,16:00,5/16/2011,8:00,0.1,9,46.32537684,-93.52298648
2,245,2011241003,5/15/2011,15:35,5/15/2011,15:45,5/15/2011,18:00,5/16/2011,13:00,0.1,5,48.43049228,-93.05688578
2,234,2011234017,5/15/2011,15:52,5/15/2011,16:06,5/15/2011,16:07,5/16/2011,11:00,0.1,9,47.37262679,-92.83073138
2,232,2011232018,5/15/2011,16:05,5/15/2011,16:30,5/15/2011,16:45,5/23/2011,8:00,4,7,46.18824006,-94.33750545
2,232,2011232016,5/15/2011,21:10,5/15/2011,21:30,5/15/2011,23:59,5/23/2011,8:00,2,5,46.44770537,-94.07024
1,111,2011111033,5/16/2011,5:00,5/16/2011,5:15,5/16/2011,5:20,5/27/2011,8:00,0.1,7,47.38638417,-94.61024292
2,251,2011251019,5/16/2011,11:26,5/16/2011,11:26,5/16/2011,11:36,5/16/2011,11:51,0.1,2,46.76274215,-92.31475809
2,221,2011221008,5/16/2011,11:38,5/16/2011,11:53,5/16/2011,12:06,5/18/2011,11:15,0.3,5,47.75933047,-93.72379027
3,312,2011312030,5/16/2011,11:59,5/16/2011,12:33,5/16/2011,12:34,5/19/2011,8:00,0.1,2,45.89429588,-93.9293302
1,121,2011121036,5/16/2011,12:00,5/16/2011,12:00,5/16/2011,12:30,5/21/2011,8:00,1,7,48.92092247,-96.63810683
2,251,2011251020,5/16/2011,13:44,5/16/2011,14:18,5/16/2011,14:28,5/17/2011,8:00,10,9,46.60589771,-93.0336368
2,234,2011234018,5/16/2011,13:44,5/16/2011,14:06,5/16/2011,14:57,5/17/2011,11:00,1.9,4,47.28122514,-92.91377275
2,251,2011251021,5/16/2011,14:28,5/16/2011,14:37,5/16/2011,14:40,5/16/2011,14:44,0.1,2,47.17829382,-92.38498545
1,121,2011121037,5/16/2011,14:47,5/16/2011,15:00,5/16/2011,15:31,5/21/2011,8:00,2,5,48.8351762,-96.03201085
3,351,2011351022,5/16/2011,15:09,5/16/2011,15:15,5/16/2011,15:33,5/17/2011,8:00,0.25,9,45.35239845,-93.76606031
1,161,2011163015,5/16/2011,15:15,5/16/2011,15:32,5/16/2011,15:47,5/16/2011,16:00,0.5,3,46.69413501,-96.07651918
1,142,2011142005,5/16/2011,15:30,5/16/2011,15:48,5/16/2011,15:58,5/23/2011,11:06,0.1,5,46.68732774,-94.49552518
2,234,2011234019,5/16/2011,17:17,5/16/2011,17:26,5/16/2011,17:32,6/3/2011,8:00,0.1,7,47.42697493,-92.95563382
1,161,2011161011,5/16/2011,17:30,5/16/2011,18:15,5/16/2011,19:30,5/17/2011,10:00,28,5,46.84993766,-94.82764734
2,234,2011234020,5/16/2011,17:46,5/16/2011,17:53,5/16/2011,17:56,5/17/2011,11:00,0.1,9,47.40010756,-92.91094167
1,142,2011142006,5/16/2011,17:51,5/16/2011,18:20,5/16/2011,18:30,5/17/2011,9:30,0.25,2,46.40021111,-94.64124224
2,232,2011232019,5/16/2011,19:08,5/16/2011,20:00,5/16/2011,20:05,5/23/2011,8:00,3,5,46.31767675,-94.19120275
2,251,2011251022,5/17/2011,8:29,5/17/2011,8:33,5/17/2011,8:35,5/17/2011,8:41,0.1,2,46.92292617,-92.8509355
2,232,2011232020,5/17/2011,10:26,5/17/2011,10:43,5/17/2011,13:10,5/23/2011,8:00,3,2,46.47426638,-93.53316468
2,232,2011232021,5/17/2011,12:57,5/17/2011,13:12,5/17/2011,15:01,5/23/2011,8:00,1,9,46.61810142,-93.47265391
1,131,2011131011,5/17/2011,13:22,5/17/2011,13:35,5/17/2011,15:00,8/10/2011,15:00,7,9,48.79470712,-95.05984196
1,161,2011163014,5/17/2011,14:13,5/17/2011,14:20,5/17/2011,14:27,5/17/2011,14:35,0.1,2,46.80626537,-95.98965369
3,351,2011351023,5/17/2011,14:17,5/17/2011,14:30,5/17/2011,14:30,5/18/2011,8:00,0.25,4,45.3557229,-93.59483387
1,121,2011121038,5/17/2011,14:46,5/17/2011,15:05,5/17/2011,16:02,5/25/2011,8:00,10,5,48.83085352,-95.09341557
1,111,2011111034,5/17/2011,15:30,5/17/2011,15:35,5/17/2011,15:40,5/17/2011,16:00,0.1,7,47.39426981,-94.64174395
2,234,2011234021,5/17/2011,15:51,5/17/2011,16:03,5/17/2011,16:48,5/27/2011,12:00,0.5,7,47.44024323,-92.52928944
1,121,2011121039,5/17/2011,16:30,5/17/2011,16:40,5/17/2011,20:00,5/21/2011,8:00,22,7,48.5522398,-96.50013626
2,232,2011232022,5/17/2011,18:02,5/17/2011,18:15,5/17/2011,18:25,5/23/2011,8:00,0.1,9,46.53193639,-94.20559437
2,244,2011244026,5/18/2011,11:04,5/18/2011,11:14,5/18/2011,11:20,5/18/2011,11:30,0.1,9,45.85895992,-92.88129408
3,351,2011351024,5/18/2011,13:57,5/18/2011,14:13,5/18/2011,14:28,5/18/2011,14:46,0.25,5,45.43009497,-93.26328433
1,161,2011163012,5/18/2011,14:14,5/18/2011,14:20,5/18/2011,14:35,5/18/2011,14:45,0.1,2,46.83867948,-95.97804901
2,244,2011244028,5/18/2011,20:30,5/18/2011,21:00,5/18/2011,21:20,5/19/2011,8:00,0.1,5,45.96404868,-93.04419065
2,244,2011244027,5/19/2011,9:49,5/19/2011,10:09,5/19/2011,10:25,5/20/2011,8:00,0.2,9,46.37327028,-92.79072934
1,161,2011163013,5/19/2011,13:33,5/19/2011,13:55,5/19/2011,14:15,5/23/2011,8:00,10.5,7,46.91366582,-95.53263698
1,161,2011161012,5/19/2011,13:50,5/19/2011,14:00,5/19/2011,14:10,5/19/2011,14:30,0.1,2,46.947644,-94.75684271
2,245,2011245002,5/19/2011,16:19,5/19/2011,16:25,5/19/2011,16:26,11/9/2011,8:00,0.1,5,47.71655216,-91.94102621
1,111,2011111035,5/19/2011,16:45,5/19/2011,16:55,5/19/2011,17:00,5/20/2011,8:00,0.2,2,47.19930426,-95.78191935
1,121,2011121040,5/19/2011,17:30,5/19/2011,18:00,5/19/2011,19:00,5/19/2011,20:00,10,7,48.28724966,-95.70439752
2,261,2011261005,5/19/2011,17:30,5/19/2011,17:34,5/19/2011,17:50,5/19/2011,18:05,0.01,5,48.51084981,-93.69829256
2,232,2011232024,5/20/2011,10:40,5/20/2011,11:00,5/20/2011,12:00,5/20/2011,12:00,0.01,5,46.31047069,-94.21233284
2,245,2011245003,5/20/2011,12:40,5/20/2011,12:59,5/20/2011,13:30,5/23/2011,8:00,0.2,2,47.8357174,-92.87258128
2,245,2011245004,5/20/2011,14:45,5/20/2011,14:50,5/20/2011,15:15,5/28/2011,9:00,1,4,47.81366384,-92.34301823
1,121,2011121042,5/20/2011,15:30,5/20/2011,16:28,5/20/2011,20:18,5/25/2011,8:00,65,7,48.81786334,-96.35738312
1,121,2011121041,5/20/2011,15:30,5/20/2011,16:26,5/20/2011,18:36,6/10/2011,8:00,140,7,48.80682895,-96.30805453
1,121,2011121043,5/20/2011,15:45,5/20/2011,16:15,5/20/2011,20:15,6/13/2011,8:00,320,7,48.60317991,-96.45128795
2,253,2011253003,5/20/2011,18:01,5/20/2011,18:20,5/20/2011,18:21,5/20/2011,18:22,0.01,9,47.14318703,-91.69441153
2,251,2011251023,5/23/2011,13:49,5/23/2011,13:54,5/23/2011,14:23,5/23/2011,14:23,0.01,2,46.68390033,-92.53069551
2,232,2011232023,5/25/2011,15:55,5/25/2011,16:16,5/25/2011,17:09,5/27/2011,10:04,0.1,9,46.30375072,-94.24884361
1,121,2011121044,5/26/2011,11:07,5/26/2011,11:20,5/26/2011,11:30,5/31/2011,8:00,1,7,48.90710708,-96.81778049
2,221,2011221009,5/26/2011,15:03,5/26/2011,15:14,5/26/2011,15:18,5/26/2011,15:55,0.1,9,47.28391439,-93.49902253
2,253,2011253004,5/27/2011,13:49,5/27/2011,13:57,5/27/2011,14:30,5/31/2011,8:00,0.1,5,47.35657397,-91.29591599
2,245,2011245005,5/31/2011,16:10,5/31/2011,16:15,5/31/2011,16:30,5/31/2011,16:45,0.1,9,47.94765246,-92.66292086
1,121,2011121045,6/3/2011,16:41,6/3/2011,17:00,6/3/2011,17:30,6/10/2011,8:00,10,7,48.60313123,-96.55947325
3,312,2011312031,6/6/2011,15:02,6/6/2011,15:25,6/6/2011,15:35,6/7/2011,9:15,0.1,5,45.81124725,-94.00687199
2,221,2011221010,6/6/2011,16:05,6/6/2011,16:45,6/6/2011,20:15,6/22/2011,8:00,0.3,1,47.20084851,-93.24430887
2,245,2011245006,6/6/2011,18:50,6/6/2011,19:11,6/6/2011,19:40,6/7/2011,10:00,0.2,5,47.66703929,-92.05675627
1,161,2011161013,6/6/2011,19:30,6/6/2011,19:50,6/6/2011,20:45,6/6/2011,21:45,5,2,46.80716164,-95.00919523
3,312,2011312032,6/9/2011,15:45,6/9/2011,15:55,6/9/2011,16:00,6/14/2011,10:00,0.1,5,45.7074139,-94.18778042
2,244,2011244029,6/11/2011,12:10,6/11/2011,12:15,6/11/2011,12:30,6/11/2011,12:45,0.1,7,46.13033546,-92.79615612
2,245,2011245007,6/11/2011,12:40,6/11/2011,13:10,6/11/2011,14:00,6/13/2011,10:00,0.4,4,47.81780458,-92.06995238
2,234,2011234022,6/12/2011,16:47,6/12/2011,17:45,6/12/2011,18:17,8/31/2011,8:00,0.2,5,47.52154615,-92.33430713
2,245,2011245008,6/12/2011,17:25,6/12/2011,17:45,6/12/2011,17:50,6/13/2011,12:00,0.1,9,47.71779543,-92.65425966
2,251,2011251024,6/13/2011,13:25,6/13/2011,13:49,6/13/2011,14:17,6/13/2011,14:17,0.02,5,46.92547701,-92.10895715
1,131,2011131012,6/14/2011,12:10,6/14/2011,12:35,6/14/2011,12:50,6/14/2011,13:00,0.1,9,48.70449648,-94.9550669
3,351,2011351025,6/14/2011,13:00,6/14/2011,13:10,6/14/2011,13:30,6/15/2011,8:00,0.1,9,45.43827238,-93.52342278
2,261,2011261006,6/16/2011,15:30,6/16/2011,15:35,6/16/2011,16:00,6/16/2011,16:15,0.1,7,48.32415482,-93.54839762
2,245,2011245024,7/4/2011,16:11,7/4/2011,16:29,7/4/2011,16:35,7/4/2011,16:48,0.1,2,47.79890402,-92.30567985
1,121,2011121046,7/8/2011,22:11,7/8/2011,22:30,7/8/2011,23:00,7/8/2011,23:00,1,7,48.58505815,-96.6035297
2,245,2011245009,7/18/2011,15:47,7/18/2011,16:24,7/18/2011,17:30,7/21/2011,12:00,0.4,4,47.84236876,-92.20932586
2,234,2011234023,7/21/2011,12:16,7/21/2011,12:32,7/21/2011,12:34,7/21/2011,12:34,0.1,2,47.53279273,-92.32338971
2,245,2011245010,7/21/2011,15:00,7/21/2011,15:30,7/21/2011,16:00,7/27/2011,8:00,0.4,4,47.84962006,-92.19884289
2,245,2011245011,7/22/2011,15:45,7/22/2011,16:25,7/22/2011,16:25,7/27/2011,8:00,0.5,7,47.71328679,-91.92466717
1,131,2011131013,8/2/2011,15:00,8/2/2011,15:08,8/2/2011,15:45,8/9/2011,16:08,0.1,2,48.62599404,-94.64524881
1,111,2011111036,8/2/2011,18:30,8/2/2011,18:41,8/2/2011,18:50,8/4/2011,8:00,0.5,5,47.40968294,-95.01006835
2,261,2011261007,8/3/2011,8:45,8/3/2011,8:55,8/3/2011,10:20,9/6/2011,15:00,1.3,5,48.68733889,-94.41084773
2,244,2011244031,8/3/2011,13:15,8/3/2011,13:30,8/3/2011,13:45,8/4/2011,8:00,0.1,2,46.01629343,-92.93257941
2,245,2011241004,8/3/2011,14:00,8/3/2011,15:40,8/3/2011,16:46,8/18/2011,12:00,2,1,48.22720642,-92.51811885
2,244,2011244030,8/3/2011,16:50,8/3/2011,17:00,8/3/2011,17:01,8/3/2011,17:01,0.1,2,46.01629343,-92.93257941
1,131,2011131014,8/9/2011,16:11,8/9/2011,16:20,8/9/2011,16:35,8/10/2011,12:00,0.1,6,48.71270455,-94.6570881
2,245,2011245012,8/10/2011,20:43,8/10/2011,20:47,8/10/2011,20:58,8/11/2011,10:10,0.1,5,47.86528701,-92.484927
2,245,2011245013,8/12/2011,14:00,8/12/2011,14:28,8/12/2011,14:38,8/13/2011,12:00,0.1,1,47.97679072,-92.82746641
2,253,2011253005,8/13/2011,13:00,8/13/2011,14:00,8/13/2011,16:00,8/16/2011,10:00,0.1,4,47.10710001,-91.58513508
1,131,2011131015,8/14/2011,15:30,8/14/2011,15:50,8/14/2011,16:20,8/15/2011,10:00,0.5,9,48.71978912,-94.63284707
2,244,2011244032,8/14/2011,20:10,8/14/2011,20:15,8/14/2011,20:16,8/14/2011,20:20,0.1,6,46.34754996,-92.57644345
2,253,2011253006,8/19/2011,14:45,8/19/2011,14:55,8/19/2011,14:55,8/19/2011,15:00,0.01,6,47.02011461,-91.67519023
2,253,2011253007,8/20/2011,11:30,8/20/2011,11:45,8/20/2011,11:50,8/20/2011,12:00,0.01,6,46.95113831,-91.78137013
2,253,2011253008,8/20/2011,14:31,8/20/2011,14:35,8/20/2011,14:40,8/20/2011,14:40,0.01,6,47.02011461,-91.67519023
1,121,2011121047,8/22/2011,17:15,8/22/2011,17:30,8/23/2011,3:43,9/21/2011,10:00,2,9,48.84507771,-95.23981957
1,131,2011131016,8/23/2011,15:00,8/23/2011,15:15,8/23/2011,15:15,8/25/2011,12:00,0.1,9,48.71961793,-94.67670388
2,245,2011245014,8/23/2011,17:20,8/23/2011,17:28,8/23/2011,18:31,8/30/2011,18:00,0.1,4,47.89408105,-92.43565005
1,121,2011121048,8/24/2011,12:52,8/24/2011,12:55,8/24/2011,13:12,9/21/2011,10:00,0.1,6,48.92526151,-95.32855893
2,245,2011245015,8/24/2011,13:10,8/24/2011,13:41,8/24/2011,13:47,8/25/2011,12:00,0.1,9,47.74660149,-91.97738371
2,261,2011261008,8/24/2011,13:30,8/24/2011,14:00,8/24/2011,14:30,8/30/2011,14:20,0.1,7,48.69098122,-94.39988839
1,121,2011121049,8/24/2011,18:25,8/24/2011,18:35,8/24/2011,18:40,9/20/2011,8:00,1,6,48.97544559,-95.36215268
1,131,2011131017,8/24/2011,20:00,8/24/2011,20:30,8/24/2011,22:00,8/30/2011,14:20,0.1,5,48.69088572,-94.44907642
2,253,2011253009,8/25/2011,16:20,8/25/2011,17:20,8/26/2011,13:00,8/31/2011,8:00,0.3,9,47.11799073,-91.56147322
1,111,2011111037,8/25/2011,18:18,8/25/2011,18:30,8/25/2011,21:30,9/6/2011,8:00,480,7,48.13953188,-96.56348766
1,121,2011121052,8/27/2011,13:00,8/27/2011,13:11,8/27/2011,15:00,8/27/2011,15:00,10,7,48.71905637,-96.1478652
2,245,2011245016,8/27/2011,15:54,8/27/2011,16:07,8/27/2011,18:00,8/28/2011,12:00,0.5,7,47.71793692,-92.036918
1,161,2011161014,8/29/2011,15:00,8/29/2011,15:08,8/29/2011,15:26,8/29/2011,16:00,0.1,2,47.0006837,-94.75103069
2,261,2011261009,8/30/2011,6:30,8/30/2011,7:50,8/30/2011,15:00,9/7/2011,13:30,2,2,48.2151658,-93.26737651
1,121,2011121050,8/30/2011,14:50,8/30/2011,15:13,8/30/2011,16:16,8/31/2011,13:00,5,2,48.7935591,-95.51339688
1,131,2011131018,8/30/2011,19:16,8/30/2011,19:26,8/30/2011,20:35,9/6/2011,14:00,0.9,7,48.87480281,-94.95718263
2,245,2011245017,9/2/2011,11:11,9/2/2011,13:33,9/2/2011,14:44,9/14/2011,9:00,0.1,1,47.90068061,-92.10733815
2,245,2011245018,9/2/2011,17:15,9/2/2011,18:00,9/2/2011,18:15,9/8/2011,11:00,0.5,7,47.72438651,-91.96140328
2,244,2011244033,9/5/2011,14:20,9/5/2011,14:40,9/5/2011,15:00,9/5/2011,15:30,0.1,2,46.41736447,-93.25972034
2,245,2011245019,9/6/2011,17:10,9/6/2011,17:15,9/6/2011,19:00,9/8/2011,12:00,0.5,7,47.75400517,-92.00381696
2,234,2011234024,9/8/2011,14:20,9/8/2011,14:30,9/8/2011,14:45,9/8/2011,16:00,0.5,5,47.45716586,-92.23088021
2,245,2011245020,9/8/2011,16:35,9/8/2011,17:20,9/8/2011,17:45,9/15/2011,18:00,0.7,4,47.75231813,-92.30036259
2,261,2011261010,9/8/2011,17:29,9/8/2011,18:00,9/8/2011,20:55,10/3/2011,12:00,1,2,48.19590898,-93.61853672
2,253,2011253010,9/9/2011,12:10,9/9/2011,12:21,9/9/2011,12:26,9/9/2011,13:00,0.01,6,46.99470598,-91.72794137
2,245,2011241005,9/9/2011,15:36,9/9/2011,16:15,9/9/2011,18:06,9/14/2011,13:00,4,1,48.36327427,-92.77213532
2,245,2011245021,9/9/2011,20:55,9/9/2011,21:05,9/9/2011,22:10,9/11/2011,12:00,0.6,7,47.68543708,-91.96063106
2,253,2011253011,9/10/2011,15:21,9/10/2011,15:24,9/10/2011,15:26,9/10/2011,15:30,0.01,6,47.02381543,-91.66995328
2,253,2011253012,9/10/2011,16:30,9/10/2011,16:41,9/10/2011,16:46,9/10/2011,17:03,0.01,6,46.92569637,-91.84455088
1,121,2011121057,9/10/2011,17:34,9/10/2011,17:55,9/10/2011,19:00,10/16/2011,8:00,2,5,48.69487856,-96.29825891
2,253,2011253013,9/11/2011,14:00,9/11/2011,14:18,9/11/2011,14:18,10/9/2011,8:00,0.1,4,48.00061651,-90.09667241
1,121,2011121051,9/11/2011,15:19,9/11/2011,15:40,9/11/2011,20:25,9/20/2011,14:00,300,7,48.97945511,-96.76471963
2,232,2011232025,9/13/2011,13:00,9/13/2011,13:15,9/13/2011,13:30,9/14/2011,8:00,0.01,2,46.66218376,-94.08540604
2,244,2011244035,9/13/2011,15:15,9/13/2011,15:35,9/13/2011,15:40,9/14/2011,9:00,0.1,5,46.37688818,-92.79072852
2,244,2011244034,9/13/2011,19:15,9/13/2011,19:31,9/13/2011,19:35,9/14/2011,9:00,0.1,5,46.37688818,-92.79072852
2,261,2011261011,9/15/2011,15:40,9/15/2011,16:15,9/15/2011,16:20,9/15/2011,16:45,1,5,48.5683525,-93.80992592
2,245,2011245022,9/16/2011,11:00,9/16/2011,11:35,9/16/2011,12:30,9/20/2011,8:00,0.1,3,47.90144162,-92.44688973
1,121,2011121053,9/16/2011,12:55,9/16/2011,13:05,9/16/2011,13:25,9/28/2011,8:00,1,5,48.90660813,-95.37195207
2,245,2011245023,9/16/2011,13:20,9/16/2011,13:58,9/16/2011,15:00,11/9/2011,8:00,1.5,7,47.78240813,-92.03938555
1,121,2011121054,9/16/2011,16:36,9/16/2011,16:45,9/16/2011,17:50,9/20/2011,14:00,40,7,48.57053322,-96.58168296
1,121,2011121055,9/16/2011,17:12,9/16/2011,17:30,9/16/2011,19:10,9/20/2011,14:00,160,7,48.52736671,-96.62506138
2,245,2011241006,9/17/2011,17:28,9/17/2011,18:04,9/17/2011,18:10,9/17/2011,19:11,0.1,9,48.16521046,-92.4300192
1,121,2011121056,9/18/2011,16:50,9/18/2011,18:00,9/19/2011,15:40,12/31/2011,20:00,2,5,48.92930028,-96.06495337
1,121,2011121058,9/24/2011,16:12,9/24/2011,16:30,9/24/2011,16:50,9/24/2011,16:50,5,7,48.62850131,-96.45127892
3,351,2011351026,9/26/2011,14:24,9/26/2011,14:28,9/26/2011,14:32,10/3/2011,15:59,0.25,9,45.47679599,-93.23738825
2,253,2011253014,9/27/2011,23:00,9/27/2011,23:20,9/27/2011,23:30,9/28/2011,10:00,0.01,4,47.3343044,-91.20067954
1,161,2011163031,9/28/2011,13:00,9/28/2011,13:10,9/28/2011,13:30,9/28/2011,13:45,0.1,2,46.68145627,-95.76575752
3,312,2011312033,9/28/2011,13:15,9/28/2011,13:26,9/28/2011,13:30,10/12/2011,8:00,0.5,2,46.31331177,-94.59323505
2,232,2011232026,9/28/2011,14:51,9/28/2011,15:10,9/28/2011,15:30,11/18/2011,8:00,0.1,2,46.61385963,-93.15608929
2,244,2011244036,9/28/2011,16:42,9/28/2011,16:46,9/28/2011,16:55,9/29/2011,8:00,0.6,5,46.39487805,-92.78554788
1,121,2011121059,9/28/2011,21:07,9/28/2011,21:20,9/28/2011,22:00,10/26/2011,8:00,2,7,48.99393817,-96.91098135
3,351,2011351027,9/29/2011,15:30,9/29/2011,15:45,9/29/2011,16:55,9/30/2011,11:08,5.5,7,45.38655097,-93.2729948
1,121,2011121060,9/29/2011,17:43,9/29/2011,18:00,9/29/2011,18:04,9/29/2011,18:04,0.25,7,48.57053901,-96.59274757
1,111,2011111038,10/1/2011,12:15,10/1/2011,12:45,10/1/2011,13:00,10/2/2011,8:00,1,4,47.26774666,-95.63960134
2,234,2011234025,10/1/2011,12:20,10/1/2011,12:35,10/1/2011,12:45,10/20/2011,10:00,0.2,9,47.42754969,-92.98725751
1,161,2011161015,10/1/2011,14:20,10/1/2011,14:30,10/1/2011,14:30,10/2/2011,8:00,0.2,5,46.96666025,-95.0339343
2,253,2011253015,10/1/2011,16:44,10/1/2011,17:04,10/1/2011,17:18,10/3/2011,10:00,0.25,4,47.3273745,-91.21096036
1,121,2011121061,10/1/2011,16:52,10/1/2011,17:07,10/1/2011,17:31,10/1/2011,17:31,1,7,48.39372446,-95.77224219
1,121,2011121063,10/1/2011,21:07,10/1/2011,21:23,10/1/2011,21:23,10/26/2011,8:00,40,5,48.55961452,-96.60368539
1,161,2011161017,10/2/2011,14:32,10/2/2011,14:45,10/2/2011,15:00,10/11/2011,8:00,1,5,46.54489898,-94.90271133
1,142,2011142007,10/2/2011,15:15,10/2/2011,15:35,10/2/2011,16:45,10/19/2011,8:00,1,4,46.40737399,-94.33576181
1,142,2011142008,10/2/2011,15:15,10/2/2011,15:27,10/2/2011,15:38,10/10/2011,8:00,0.05,2,46.32776704,-94.33525147
3,312,2011312034,10/2/2011,15:45,10/2/2011,16:48,10/2/2011,17:20,10/8/2011,8:00,34.5,7,46.30198236,-94.78152181
1,111,2011111039,10/2/2011,16:10,10/2/2011,16:20,10/2/2011,18:30,11/21/2011,8:00,21,7,47.39597276,-95.53849594
1,121,2011121062,10/2/2011,16:45,10/2/2011,17:00,10/2/2011,17:20,10/2/2011,17:20,0.1,7,48.37552052,-95.75620758
1,161,2011161016,10/2/2011,17:00,10/2/2011,18:00,10/2/2011,18:30,10/3/2011,8:00,3,7,46.98275002,-95.42099441
1,121,2011121064,10/2/2011,17:57,10/2/2011,18:30,10/2/2011,19:10,10/26/2011,8:00,60,5,48.950435,-96.88344635
1,142,2011142009,10/2/2011,23:07,10/2/2011,23:15,10/2/2011,23:20,10/3/2011,10:00,0.01,9,46.82335669,-93.93605338
3,312,2011312035,10/3/2011,12:42,10/3/2011,12:50,10/3/2011,12:51,10/3/2011,14:00,0.02,5,45.7769346,-94.30269447
2,251,2011251025,10/3/2011,12:55,10/3/2011,13:10,10/3/2011,13:15,10/3/2011,13:35,0.04,6,46.66554505,-92.5359133
1,142,2011142010,10/3/2011,14:05,10/3/2011,14:07,10/3/2011,14:08,10/6/2011,10:34,0.25,2,46.81467442,-94.49987845
1,111,2011111040,10/3/2011,14:20,10/3/2011,14:30,10/3/2011,16:00,10/5/2011,11:00,1,5,47.66153759,-95.42904728
1,121,2011121065,10/3/2011,14:46,10/3/2011,14:59,10/3/2011,16:11,10/27/2011,15:00,40,5,48.27915403,-95.36571607
2,261,2011261012,10/3/2011,16:00,10/3/2011,16:45,10/3/2011,16:45,10/5/2011,9:00,0.5,5,48.56469042,-93.81000298
1,111,2011111041,10/3/2011,17:00,10/3/2011,18:30,10/3/2011,22:30,11/1/2011,8:00,1.5,4,47.70768568,-95.17034763
3,351,2011351028,10/4/2011,15:42,10/4/2011,16:01,10/4/2011,16:30,10/8/2011,13:04,1,9,45.21256982,-93.02727852
3,351,2011351029,10/4/2011,18:30,10/4/2011,18:40,10/4/2011,18:45,10/5/2011,8:00,0.01,4,45.38447433,-93.69801405
1,121,2011121079,10/5/2011,11:02,10/5/2011,11:20,10/5/2011,11:23,10/26/2011,8:00,1,5,48.71888084,-96.53922138
2,251,2011251026,10/5/2011,13:00,10/5/2011,13:30,10/5/2011,13:45,10/6/2011,9:00,0.01,5,47.17945582,-93.02561678
2,244,2011244038,10/5/2011,13:00,10/5/2011,13:26,10/5/2011,13:36,10/6/2011,8:00,0.25,9,46.02640874,-93.05222528
2,244,2011244037,10/5/2011,13:08,10/5/2011,13:13,10/5/2011,13:51,10/6/2011,8:00,0.25,9,46.02640874,-93.05222528
1,121,2011121066,10/5/2011,14:03,10/5/2011,14:30,10/14/2011,8:00,3/15/2012,8:00,28810,5,48.82160046,-96.33001224
1,111,2011111042,10/5/2011,14:04,10/5/2011,14:30,10/5/2011,14:50,10/27/2011,8:00,1,2,47.7370743,-95.64097278
1,121,2011121072,10/5/2011,14:27,10/7/2011,15:00,10/7/2011,20:45,12/31/2011,20:00,2388,7,48.86303663,-96.5772232
1,121,2011121067,10/5/2011,14:30,10/5/2011,14:44,10/5/2011,18:52,12/15/2011,8:00,150,5,48.331932,-96.07719595
2,232,2011232027,10/5/2011,14:52,10/5/2011,15:09,10/5/2011,15:22,10/5/2011,15:45,0.3,2,46.28856244,-93.96601727
1,161,2011163033,10/5/2011,15:10,10/5/2011,15:15,10/5/2011,15:30,10/5/2011,15:45,0.5,2,46.61261888,-95.60390698
3,312,2011312036,10/5/2011,15:26,10/5/2011,15:46,10/5/2011,15:50,11/7/2011,8:00,0.01,5,45.93494828,-94.34248272
1,161,2011161019,10/5/2011,15:58,10/5/2011,16:08,10/5/2011,17:30,10/5/2011,21:00,0.1,5,46.91483082,-94.77332856
2,234,2011234026,10/5/2011,16:00,10/5/2011,16:15,10/5/2011,16:40,11/7/2011,8:00,0.1,2,47.32053843,-93.27110079
1,161,2011161018,10/5/2011,16:18,10/5/2011,16:34,10/6/2011,12:00,11/15/2011,16:00,8,5,47.05267688,-95.18327884
1,121,2011121068,10/5/2011,16:42,10/5/2011,17:15,10/5/2011,19:15,12/20/2011,16:15,40,5,48.6390419,-96.09533308
2,232,2011232028,10/5/2011,16:43,10/5/2011,17:02,10/5/2011,17:05,10/8/2011,8:00,1,2,46.40464067,-94.13383488
1,111,2011111043,10/5/2011,17:11,10/5/2011,17:30,10/5/2011,17:46,11/21/2011,8:00,8.4,5,47.46372043,-95.66046998
1,121,2011121069,10/5/2011,23:44,10/6/2011,0:28,10/6/2011,2:45,12/20/2011,16:00,155,7,48.92756774,-95.57461305
3,351,2011351030,10/6/2011,11:40,10/6/2011,11:56,10/6/2011,12:05,10/8/2011,18:00,0.6,2,45.39887354,-93.78051268
3,312,2011312039,10/6/2011,12:26,10/6/2011,12:31,10/6/2011,12:40,10/6/2011,12:45,0.5,2,45.66416746,-93.92240807
3,312,2011312038,10/6/2011,13:02,10/6/2011,13:08,10/6/2011,13:39,10/7/2011,8:00,0.1,7,46.02639594,-93.23015557
1,121,2011121070,10/6/2011,13:52,10/6/2011,14:45,10/6/2011,19:42,11/16/2011,8:00,787,7,48.53817901,-96.57605007
3,312,2011312040,10/6/2011,14:56,10/6/2011,15:09,10/6/2011,15:23,10/7/2011,8:00,0.2,4,46.30965087,-94.56177731
3,312,2011312037,10/6/2011,15:04,10/6/2011,15:30,10/6/2011,20:00,10/12/2011,14:00,120,2,45.94578021,-94.7082336
1,111,2011111045,10/6/2011,15:06,10/6/2011,15:20,10/6/2011,15:30,10/13/2011,8:00,1,5,47.41713351,-95.48493003
1,161,2011163016,10/6/2011,15:50,10/6/2011,16:10,10/6/2011,17:30,10/10/2011,12:00,1,9,46.37101351,-95.94943969
2,244,2011244039,10/6/2011,16:06,10/6/2011,16:07,10/6/2011,17:25,10/7/2011,8:00,12,9,45.74596544,-92.80825575
3,351,2011351031,10/6/2011,16:15,10/6/2011,16:46,10/6/2011,20:06,10/11/2011,14:53,2.5,9,45.36806965,-93.14638155
1,142,2011142011,10/6/2011,16:20,10/6/2011,16:30,10/6/2011,16:35,10/10/2011,8:00,1.2,4,46.35331993,-94.42455677
1,161,2011163017,10/6/2011,19:58,10/6/2011,20:22,10/6/2011,21:30,10/9/2011,8:00,1,5,47.00779052,-95.88326976
1,142,2011142012,10/6/2011,20:07,10/6/2011,20:44,10/6/2011,20:50,10/7/2011,8:00,0.3,7,46.45763962,-94.72497038
1,121,2011121073,10/6/2011,21:20,10/6/2011,21:40,10/7/2011,9:00,11/16/2011,8:00,20,7,48.49830276,-96.10011016
1,121,2011121071,10/6/2011,21:24,10/6/2011,22:05,10/6/2011,23:48,10/27/2011,15:00,5,7,48.5132993,-95.79919998
2,244,2011244040,10/7/2011,8:30,10/7/2011,8:34,10/7/2011,9:24,10/8/2011,8:00,1.1,9,46.12733116,-92.99905507
1,131,2011131019,10/7/2011,8:43,10/7/2011,8:47,10/7/2011,10:03,10/13/2011,13:30,32,7,48.55750786,-94.67231426
3,351,2011351032,10/7/2011,10:45,10/7/2011,11:06,10/7/2011,11:09,10/8/2011,15:32,0.25,5,45.27566022,-93.48312997
3,351,2011351033,10/7/2011,10:45,10/7/2011,11:06,10/7/2011,11:09,10/7/2011,18:00,0.1,4,45.50678529,-93.585465
2,232,2011232029,10/7/2011,11:03,10/7/2011,11:15,10/7/2011,11:40,10/10/2011,8:00,0.1,9,46.21594616,-93.98131247
2,232,2011232044,10/7/2011,13:05,10/7/2011,14:15,10/7/2011,15:15,10/7/2011,15:15,0.5,9,46.75276601,-93.74231988
1,161,2011163018,10/7/2011,13:15,10/7/2011,13:35,10/7/2011,15:00,10/10/2011,12:00,0.6,5,45.69260234,-95.72491481
1,161,2011161021,10/7/2011,13:37,10/7/2011,13:48,10/7/2011,14:44,10/7/2011,16:16,35,2,46.9220373,-95.27147171
2,232,2011232030,10/7/2011,13:56,10/7/2011,14:09,10/7/2011,14:21,10/9/2011,8:00,0.3,5,46.36377163,-94.28934112
2,251,2011251027,10/7/2011,14:02,10/7/2011,14:26,10/7/2011,14:40,10/8/2011,9:00,0.1,9,46.95740246,-92.70371667
1,161,2011161020,10/7/2011,14:16,10/7/2011,14:28,10/7/2011,15:00,10/11/2011,8:00,0.2,2,46.41759287,-94.81321048
2,245,2011241007,10/7/2011,14:19,10/7/2011,14:19,10/8/2011,13:00,10/14/2011,12:00,3.4,9,48.30321098,-93.13072206
2,232,2011232032,10/7/2011,14:25,10/7/2011,14:40,10/7/2011,16:23,10/12/2011,8:00,11,5,46.64047033,-94.27937115
1,142,2011142013,10/7/2011,14:25,10/7/2011,14:28,10/7/2011,14:45,11/1/2011,8:00,0.25,7,46.72038942,-94.40627883
1,142,2011142015,10/7/2011,14:27,10/7/2011,14:35,10/7/2011,14:45,10/8/2011,8:00,0.1,9,46.51228269,-94.69451396
1,142,2011142014,10/7/2011,14:40,10/7/2011,15:13,10/7/2011,15:13,10/8/2011,11:30,0.01,9,46.9255996,-94.18167848
2,221,2011221011,10/7/2011,15:16,10/7/2011,15:41,10/7/2011,16:11,10/10/2011,10:00,1.5,9,47.59564022,-93.50412055
2,232,2011232031,10/7/2011,15:28,10/7/2011,15:40,10/7/2011,15:58,10/8/2011,8:00,0.27,2,46.28176315,-94.29023254
2,234,2011234027,10/7/2011,16:10,10/7/2011,16:35,10/7/2011,17:31,10/11/2011,11:10,4,9,47.55043662,-93.16335452
2,221,2011221012,10/7/2011,16:34,10/7/2011,17:51,10/7/2011,17:53,10/10/2011,10:30,0.5,9,47.36371294,-93.68507998
1,111,2011111046,10/7/2011,17:00,10/7/2011,17:10,10/7/2011,19:00,10/8/2011,8:00,0.1,9,47.71776365,-96.18339836
2,244,2011244041,10/7/2011,17:04,10/7/2011,17:05,10/7/2011,17:22,10/8/2011,8:00,0.25,7,46.00909609,-92.93771605
3,351,2011351034,10/7/2011,17:47,10/7/2011,17:57,10/7/2011,17:58,10/8/2011,18:00,0.3,4,45.39161581,-93.67192551
2,245,2011245025,10/7/2011,18:15,10/7/2011,19:30,10/8/2011,17:00,11/9/2011,8:00,7,9,48.00092202,-92.63538682
2,232,2011232035,10/7/2011,18:27,10/7/2011,18:45,10/7/2011,19:00,10/8/2011,9:00,0.7,5,46.54151386,-93.97714623
2,232,2011232033,10/7/2011,19:06,10/7/2011,19:37,10/7/2011,19:55,10/25/2011,8:00,0.01,5,46.74781321,-94.04272845
1,121,2011121075,10/7/2011,19:45,10/7/2011,20:00,10/7/2011,21:00,10/26/2011,8:00,10,7,48.46605461,-96.26933082
2,244,2011244042,10/7/2011,20:10,10/7/2011,20:15,10/7/2011,20:20,10/8/2011,8:00,0.1,9,46.12395706,-92.91048317
2,234,2011234028,10/7/2011,20:45,10/7/2011,21:00,10/7/2011,21:30,10/10/2011,8:00,0.1,9,47.36971864,-92.80685974
2,234,2011234029,10/7/2011,21:10,10/7/2011,21:35,10/7/2011,23:00,10/8/2011,9:00,0.5,9,47.54653545,-93.19001462
2,234,2011234030,10/7/2011,21:31,10/7/2011,21:45,10/8/2011,0:01,10/19/2011,8:00,0.7,9,47.39926395,-92.53992528
3,351,2011351035,10/7/2011,22:16,10/7/2011,22:26,10/7/2011,22:45,10/17/2011,8:00,0.4,2,45.35564662,-93.69298677
1,121,2011121074,10/7/2011,22:40,10/7/2011,23:00,10/8/2011,2:00,10/26/2011,8:00,100,7,48.74771261,-96.59924042
2,244,2011244043,10/8/2011,1:05,10/8/2011,1:10,10/8/2011,4:00,10/9/2011,8:00,4.7,9,46.36269057,-92.83749069
1,121,2011121086,10/8/2011,2:00,10/8/2011,2:20,10/8/2011,3:33,10/26/2011,8:00,3,7,48.57454972,-96.01829263
1,111,2011111044,10/8/2011,5:30,10/8/2011,6:00,10/8/2011,6:00,10/8/2011,10:00,0.1,9,47.53513089,-94.77047868
1,161,2011163019,10/8/2011,12:22,10/8/2011,12:27,10/8/2011,12:55,10/8/2011,14:40,4,5,46.74198095,-96.11466862
1,121,2011121083,10/8/2011,13:28,10/8/2011,13:45,10/8/2011,14:31,10/26/2011,8:00,5,5,48.54557375,-96.62496732
3,351,2011351036,10/8/2011,13:48,10/8/2011,13:59,10/8/2011,14:03,10/17/2011,8:00,0.5,5,45.34456822,-93.62553087
2,253,2011253016,10/8/2011,14:16,10/8/2011,14:29,10/8/2011,15:45,10/15/2011,12:00,1,5,47.25127181,-91.42869516
2,244,2011244044,10/8/2011,14:27,10/8/2011,14:30,10/8/2011,14:52,10/9/2011,8:00,1,7,46.30762758,-92.57668655
2,244,2011244045,10/8/2011,15:55,10/8/2011,16:04,10/9/2011,16:30,10/12/2011,8:00,67,7,46.21686562,-92.38164779
2,244,2011244046,10/8/2011,17:03,10/8/2011,17:06,10/8/2011,17:29,10/9/2011,8:00,0.1,4,46.35513446,-92.75392349
1,121,2011121076,10/8/2011,18:24,10/8/2011,18:59,10/8/2011,19:30,10/27/2011,15:00,0.5,2,48.21816871,-95.67226441
2,253,2011253017,10/8/2011,21:00,10/9/2011,10:30,10/9/2011,11:00,10/18/2011,8:00,0.01,4,47.48106336,-91.02015493
1,121,2011121077,10/9/2011,13:40,10/9/2011,13:43,10/9/2011,14:00,10/26/2011,8:00,1,9,48.54417931,-95.95252402
2,244,2011244047,10/9/2011,15:20,10/9/2011,15:22,10/9/2011,15:45,10/9/2011,15:50,0.1,9,45.77175318,-92.80864328
1,121,2011121080,10/9/2011,17:33,10/9/2011,17:56,10/9/2011,18:00,10/27/2011,15:30,1,5,48.41130356,-95.55523996
1,121,2011121078,10/9/2011,19:00,10/9/2011,19:45,10/9/2011,20:00,10/27/2011,15:00,1,9,48.13466797,-95.74699316
2,245,2011245026,10/9/2011,19:07,10/9/2011,19:26,10/9/2011,20:00,10/11/2011,8:00,0.1,5,47.88985453,-92.8723549
2,245,2011245027,10/10/2011,15:20,10/10/2011,16:10,10/10/2011,17:00,10/17/2011,8:00,2.2,7,47.72737637,-91.94590105
3,351,2011351037,10/11/2011,14:59,10/11/2011,15:05,10/11/2011,15:49,10/16/2011,16:05,0.25,2,45.33944849,-93.19274133
1,121,2011121082,10/11/2011,17:30,10/11/2011,17:55,10/11/2011,18:05,10/11/2011,18:30,1,5,48.28360201,-95.70989397
1,121,2011121081,10/11/2011,17:30,10/11/2011,18:00,10/11/2011,18:30,10/26/2011,12:00,1,7,48.13436069,-95.80659328
3,341,2011334005,10/12/2011,12:56,10/12/2011,13:02,10/12/2011,13:26,10/12/2011,14:00,1,3,44.19509649,-92.13248509
1,121,2011121111,10/14/2011,19:55,10/14/2011,20:15,10/14/2011,21:15,10/14/2011,21:15,3,7,48.31297745,-96.82445301
1,121,2011121109,10/14/2011,20:15,10/14/2011,20:30,10/14/2011,22:30,10/14/2011,22:30,30,7,48.41127899,-96.54388332
1,121,2011121110,10/14/2011,21:00,10/14/2011,22:10,10/14/2011,22:10,10/14/2011,22:10,3,7,48.35652864,-96.82457025
1,121,2011121112,10/14/2011,21:30,10/14/2011,21:45,10/14/2011,22:50,10/14/2011,22:50,8,7,48.40045458,-96.53830608
1,161,2011163022,10/15/2011,13:50,10/15/2011,13:57,10/15/2011,14:30,10/15/2011,15:02,0.1,5,46.85574919,-95.44558207
1,161,2011163023,10/15/2011,14:15,10/15/2011,14:30,10/15/2011,15:00,10/17/2011,13:30,0.1,5,46.74265028,-95.65547505
2,244,2011244048,10/15/2011,20:30,10/15/2011,21:00,10/15/2011,21:15,10/25/2011,8:00,1,1,46.40144461,-92.45423699
3,351,2011351038,10/16/2011,13:35,10/16/2011,13:53,10/16/2011,14:31,10/17/2011,10:52,0.05,4,45.44360234,-93.07980333
2,244,2011244049,10/16/2011,14:26,10/16/2011,14:33,10/16/2011,14:33,10/16/2011,14:33,0.25,2,46.30785949,-92.80593945
1,121,2011121084,10/16/2011,14:50,10/16/2011,15:06,10/16/2011,15:35,10/27/2011,15:00,10,5,48.42224207,-95.55495043
3,312,2011312041,10/16/2011,14:55,10/16/2011,15:15,10/16/2011,15:25,10/17/2011,9:00,0.1,2,46.00042893,-94.53796771
3,351,2011351040,10/16/2011,15:28,10/16/2011,15:34,10/16/2011,15:44,10/18/2011,14:00,0.1,9,45.30118109,-93.58481187
2,244,2011244050,10/16/2011,16:12,10/16/2011,16:24,10/16/2011,16:28,10/16/2011,16:34,0.1,2,46.09837013,-92.90027813
2,251,2011251028,10/16/2011,16:16,10/16/2011,17:15,10/16/2011,17:16,10/16/2011,17:30,0.01,9,46.96164778,-92.32540607
3,351,2011351041,10/16/2011,16:26,10/16/2011,16:48,10/16/2011,16:56,10/18/2011,14:00,0.8,5,45.517485,-93.91593668
2,234,2011234031,10/16/2011,16:40,10/16/2011,17:15,10/16/2011,17:30,11/21/2011,8:00,0.1,9,47.32431996,-92.82777582
1,161,2011163020,10/16/2011,17:00,10/16/2011,17:05,10/16/2011,19:00,10/24/2011,10:14,4.2,5,46.87412834,-95.74986016
3,351,2011351039,10/16/2011,17:38,10/16/2011,17:47,10/16/2011,17:51,10/18/2011,14:00,0.5,7,45.55615481,-93.18051458
2,244,2011244051,10/16/2011,19:05,10/16/2011,19:44,10/16/2011,20:43,10/20/2011,8:00,14,4,46.27820464,-92.40275113
1,161,2011163021,10/16/2011,19:30,10/16/2011,20:00,10/16/2011,20:30,10/24/2011,10:14,0.2,7,46.90993778,-95.51683387
2,251,2011251029,10/16/2011,21:40,10/16/2011,21:50,10/16/2011,22:00,10/17/2011,8:00,0.1,9,47.21411569,-92.36336196
1,161,2011161022,10/16/2011,22:58,10/16/2011,23:28,10/16/2011,23:40,10/16/2011,23:40,2,7,46.9792074,-95.38915808
3,351,2011351042,10/17/2011,15:28,10/17/2011,15:41,10/17/2011,15:45,10/20/2011,16:50,1,5,45.36870388,-93.26812016
3,351,2011351043,10/17/2011,15:42,10/17/2011,15:49,10/17/2011,15:55,10/20/2011,8:00,0.1,2,45.28133261,-93.08306914
1,111,2011111047,10/17/2011,16:25,10/17/2011,16:50,10/17/2011,17:15,10/19/2011,8:00,0.2,5,47.38593283,-94.70006164
1,161,2011161023,10/18/2011,17:35,10/18/2011,17:50,10/18/2011,18:20,11/1/2011,9:00,0.5,5,46.71974227,-94.95140546
2,253,2011253018,10/19/2011,1:00,10/19/2011,1:10,10/19/2011,2:00,10/21/2011,8:00,0.01,9,47.04938596,-91.67501845
3,312,2011312042,10/19/2011,7:05,10/19/2011,7:15,10/19/2011,7:28,11/1/2011,9:30,3,7,46.17460996,-94.56004807
1,142,2011142016,10/19/2011,11:43,10/19/2011,11:54,10/19/2011,12:03,10/21/2011,8:00,0.15,9,46.95462142,-94.61933533
1,121,2011121085,10/19/2011,16:54,10/19/2011,17:05,10/19/2011,17:22,10/26/2011,8:00,2,7,48.57053322,-96.58168296
3,351,2011351044,10/20/2011,11:34,10/20/2011,11:45,10/20/2011,11:55,10/22/2011,12:00,0.6,9,45.51366053,-93.52857658
2,232,2011232034,10/20/2011,13:39,10/20/2011,13:42,10/20/2011,13:43,10/21/2011,7:45,0.1,2,46.3208823,-94.1692544
2,244,2011244052,10/20/2011,15:46,10/20/2011,15:47,10/20/2011,16:10,10/21/2011,8:00,0.1,5,46.20002237,-93.05124894
1,131,2011131020,10/20/2011,15:54,10/20/2011,16:05,10/20/2011,16:20,10/24/2011,8:50,3,2,48.54264013,-94.67204107
1,142,2011142017,10/20/2011,16:03,10/20/2011,16:13,10/20/2011,16:25,11/1/2011,8:00,1,7,46.88013256,-94.46248622
2,244,2011244053,10/20/2011,18:00,10/20/2011,18:05,10/20/2011,18:05,10/20/2011,18:15,0.1,9,46.14528589,-92.86347168
3,341,2011334004,10/21/2011,12:44,10/21/2011,12:46,10/21/2011,13:10,10/21/2011,13:15,0.5,5,44.18148011,-92.19726664
2,234,2011234032,10/21/2011,14:10,10/21/2011,14:20,10/21/2011,14:30,10/21/2011,15:00,0.5,3,47.95917011,-93.14267088
1,121,2011121087,10/21/2011,15:20,10/21/2011,15:30,10/21/2011,16:45,12/15/2011,8:00,50,5,48.28360511,-95.52731716
3,351,2011351045,10/21/2011,16:26,10/21/2011,16:28,10/21/2011,16:43,10/24/2011,14:19,0.25,7,45.31802502,-93.28347214
3,312,2011312043,10/21/2011,17:05,10/21/2011,17:30,10/21/2011,18:00,10/22/2011,8:00,0.5,7,45.85490067,-93.38175062
2,253,2011253019,10/21/2011,18:30,10/21/2011,18:40,10/21/2011,18:50,10/24/2011,1:00,0.01,5,47.12119431,-91.66245226
1,131,2011131021,10/22/2011,12:21,10/22/2011,13:02,10/22/2011,15:22,10/24/2011,11:45,0.1,9,48.54647432,-94.49814499
2,251,2011251030,10/22/2011,13:49,10/22/2011,14:05,10/22/2011,14:25,10/22/2011,15:06,0.4,2,46.74795551,-92.30415762
3,351,2011351046,10/22/2011,13:58,10/22/2011,14:08,10/22/2011,14:30,10/24/2011,15:21,3,5,45.10656624,-92.86136863
3,351,2011351047,10/22/2011,14:39,10/22/2011,14:45,10/22/2011,14:55,10/24/2011,14:27,0.25,4,45.34351246,-93.35002523
2,244,2011244054,10/22/2011,15:10,10/22/2011,15:15,10/22/2011,16:10,10/23/2011,8:00,0.5,9,46.0139388,-92.51185098
3,312,2011312044,10/22/2011,16:00,10/22/2011,16:20,10/22/2011,16:47,10/24/2011,10:30,0.4,5,46.15648085,-93.09284617
1,121,2011121088,10/22/2011,17:07,10/22/2011,17:20,10/22/2011,18:55,10/26/2011,8:00,40,7,48.55977297,-96.63097182
1,142,2011142018,10/22/2011,18:15,10/22/2011,19:15,10/22/2011,19:20,10/24/2011,10:00,0.01,1,46.89925352,-94.01639656
1,161,2011163024,10/22/2011,18:15,10/22/2011,18:30,10/22/2011,19:00,10/22/2011,19:15,0.2,2,46.99659577,-95.50564441
1,121,2011121113,10/22/2011,20:40,10/22/2011,21:00,10/22/2011,21:13,10/22/2011,21:13,3,7,48.35652777,-96.82999816
3,341,2011334003,10/22/2011,20:55,10/22/2011,20:59,10/22/2011,21:20,10/22/2011,21:28,0.5,2,44.20608868,-92.1576566
3,343,2011343004,10/23/2011,15:00,10/23/2011,15:15,10/23/2011,18:30,10/23/2011,19:15,45,9,43.71271783,-94.76644788
2,253,2011253020,10/25/2011,16:47,10/25/2011,16:58,10/25/2011,17:05,10/25/2011,17:20,0.01,4,47.02397863,-91.6646459
1,121,2011121089,10/26/2011,18:34,10/26/2011,19:41,10/26/2011,19:41,11/7/2011,8:00,15,7,48.4735688,-96.41236751
3,351,2011351048,10/27/2011,12:49,10/27/2011,13:05,10/27/2011,13:18,10/31/2011,16:00,3.65,5,45.49077641,-93.05017945
3,351,2011351049,10/28/2011,14:00,10/28/2011,14:30,10/28/2011,18:00,10/29/2011,14:00,3.1,2,45.47434267,-93.78668421
3,351,2011351050,10/28/2011,15:05,10/28/2011,15:20,10/28/2011,15:53,10/28/2011,16:00,0.01,5,45.49890894,-93.44828828
1,161,2011161024,10/28/2011,15:55,10/28/2011,16:20,10/28/2011,16:30,10/29/2011,8:00,2,7,47.00426375,-95.38430309
3,343,2011343001,10/30/2011,16:37,10/30/2011,16:45,11/6/2011,10:00,12/1/2011,10:00,61,2,44.70107503,-94.16539037
3,343,2011343003,10/31/2011,13:19,10/31/2011,13:30,10/31/2011,14:30,11/2/2011,11:30,3,5,43.96221078,-93.78084066
1,121,2011121090,10/31/2011,16:24,10/31/2011,16:50,10/31/2011,17:51,11/16/2011,8:00,40,7,48.5885866,-96.58160388
1,121,2011121092,10/31/2011,17:09,10/31/2011,17:20,10/31/2011,19:00,11/10/2011,8:00,35,5,48.95952195,-96.40808893
3,343,2011343005,10/31/2011,17:23,10/31/2011,17:29,10/31/2011,18:51,10/31/2011,18:51,35,9,43.69417722,-96.19998032
1,142,2011142019,10/31/2011,17:37,10/31/2011,18:00,10/31/2011,18:05,11/1/2011,8:00,0.5,7,46.77114038,-94.52743224
1,121,2011121091,10/31/2011,21:09,10/31/2011,21:15,10/31/2011,22:06,11/7/2011,8:00,3,7,48.48399871,-96.43440007
1,121,2011121093,11/1/2011,15:11,11/1/2011,15:30,11/1/2011,16:30,11/7/2011,8:00,20,5,48.74460865,-96.18683587
3,312,2011312045,11/2/2011,14:02,11/2/2011,14:23,11/2/2011,14:50,11/7/2011,8:00,1,9,46.14649419,-93.28619266
1,161,2011163034,11/2/2011,16:48,11/2/2011,16:58,11/2/2011,17:05,11/2/2011,17:10,0.5,2,46.6128161,-95.53546817
1,111,2011111049,11/3/2011,13:45,11/3/2011,13:55,11/3/2011,14:30,11/7/2011,8:00,0.25,5,47.53464286,-95.28764454
2,232,2011232040,11/3/2011,14:38,11/3/2011,14:50,11/3/2011,14:54,11/5/2011,12:00,2,5,46.15882938,-94.3579557
1,161,2011163025,11/3/2011,14:46,11/3/2011,14:47,11/3/2011,15:06,11/4/2011,8:00,0.2,5,46.82312609,-95.69279261
1,121,2011121094,11/3/2011,15:15,11/3/2011,15:25,11/3/2011,16:11,11/7/2011,8:00,5,7,48.59954536,-96.45665663
1,121,2011121095,11/3/2011,15:36,11/3/2011,16:00,11/3/2011,17:30,11/7/2011,8:00,25,2,48.56325155,-96.59270523
1,121,2011121107,11/3/2011,16:29,11/3/2011,17:15,11/3/2011,18:45,11/5/2011,12:49,82,7,48.0917237,-96.36850314
1,121,2011121096,11/3/2011,16:39,11/3/2011,16:55,11/3/2011,17:51,11/7/2011,8:00,25,7,48.60336824,-96.6253485
1,121,2011121097,11/3/2011,23:58,11/4/2011,0:15,11/4/2011,2:38,11/7/2011,8:00,20,7,48.92523622,-96.7960863
1,121,2011121098,11/3/2011,23:58,11/4/2011,0:30,11/4/2011,2:38,11/7/2011,8:00,20,7,48.91067995,-96.90577937
1,121,2011121101,11/4/2011,10:30,11/4/2011,11:07,11/4/2011,12:00,11/7/2011,8:00,10,7,48.31129276,-96.34467604
2,232,2011232038,11/4/2011,10:34,11/4/2011,10:50,11/4/2011,11:40,11/11/2011,8:00,0.1,5,46.53510992,-93.93470064
1,161,2011163028,11/4/2011,10:49,11/4/2011,11:18,11/4/2011,13:28,11/19/2011,8:00,5.5,5,46.95861964,-95.85011688
3,351,2011351051,11/4/2011,10:55,11/4/2011,11:15,11/4/2011,14:00,11/5/2011,8:00,0.1,5,45.51027684,-93.94663431
1,161,2011163026,11/4/2011,11:10,11/4/2011,11:20,11/4/2011,12:30,11/7/2011,10:30,1.5,7,45.81506345,-95.30241446
1,111,2011111056,11/4/2011,12:10,11/4/2011,13:00,11/4/2011,14:30,11/15/2011,8:00,1,9,47.42741375,-95.63342993
1,131,2011131024,11/4/2011,14:00,11/4/2011,14:10,11/4/2011,16:00,11/30/2011,12:00,0.1,5,48.80958205,-94.95639914
1,131,2011131022,11/4/2011,14:07,11/4/2011,14:26,11/4/2011,15:00,11/30/2011,12:00,2,5,48.87464335,-94.9843995
1,121,2011121102,11/4/2011,14:24,11/4/2011,14:35,11/4/2011,14:55,11/7/2011,8:00,2,7,48.80309976,-96.26976471
2,245,2011245028,11/4/2011,14:25,11/4/2011,15:10,11/4/2011,15:15,11/5/2011,8:00,0.2,4,47.84614194,-92.83456974
1,121,2011121099,11/4/2011,14:30,11/4/2011,15:00,11/4/2011,17:00,11/16/2011,7:00,260,7,48.12743997,-95.75235991
1,161,2011163029,11/4/2011,14:35,11/4/2011,14:40,11/4/2011,18:09,11/19/2011,8:00,20,2,47.00428461,-95.81480317
1,161,2011161026,11/4/2011,14:40,11/4/2011,15:00,11/4/2011,15:15,11/5/2011,8:00,2,3,46.48308305,-95.04884752
1,131,2011131023,11/4/2011,14:40,11/4/2011,14:40,11/4/2011,15:00,11/30/2011,12:00,0.1,5,48.87831855,-94.97889804
3,312,2011312046,11/4/2011,14:51,11/4/2011,15:08,11/4/2011,15:18,11/7/2011,8:00,0.6,9,46.04149361,-93.14544861
1,161,2011163027,11/4/2011,15:20,11/4/2011,15:30,11/4/2011,16:00,11/10/2011,13:00,15,3,46.31636405,-95.51916149
1,111,2011111050,11/4/2011,16:15,11/4/2011,16:40,11/4/2011,20:30,12/1/2011,8:00,250,7,47.72614579,-95.55173218
1,121,2011121103,11/4/2011,16:18,11/4/2011,16:25,11/4/2011,18:28,11/16/2011,8:00,4,5,48.84615808,-95.83136492
3,351,2011351052,11/4/2011,16:22,11/4/2011,16:33,11/4/2011,17:30,11/12/2011,11:00,0.25,7,45.35834777,-93.38601955
2,221,2011221013,11/4/2011,16:55,11/4/2011,17:05,11/4/2011,17:50,11/7/2011,11:00,4,3,47.22654313,-93.52071533
1,111,2011111055,11/4/2011,18:30,11/4/2011,18:45,11/4/2011,21:00,11/21/2011,10:00,11,9,47.2106427,-94.79943767
1,121,2011121104,11/4/2011,18:51,11/4/2011,19:05,11/4/2011,20:00,11/16/2011,8:00,10,7,48.48329138,-96.90870363
1,161,2011161025,11/4/2011,21:10,11/4/2011,21:40,11/4/2011,22:30,11/9/2011,11:00,1.3,7,46.82408149,-94.82207688
1,111,2011111048,11/5/2011,7:05,11/5/2011,7:20,11/5/2011,11:09,11/7/2011,8:00,330,7,48.168446,-96.5848508
1,161,2011163030,11/5/2011,9:40,11/5/2011,10:50,11/5/2011,16:55,11/19/2011,8:00,112,7,47.0438446,-95.80938075
3,351,2011351053,11/5/2011,10:43,11/5/2011,10:59,11/5/2011,11:37,11/14/2011,11:00,0.3,5,45.39018693,-93.23696154
2,251,2011251031,11/5/2011,12:38,11/5/2011,12:50,11/5/2011,12:55,11/5/2011,13:00,0.01,4,46.66507887,-92.40417727
1,121,2011121105,11/5/2011,13:14,11/5/2011,13:14,11/5/2011,14:00,11/7/2011,8:00,5,7,48.92215098,-96.07595696
3,312,2011312047,11/5/2011,13:48,11/5/2011,14:10,11/5/2011,14:32,11/10/2011,10:00,0.1,2,45.94973363,-94.09645846
2,232,2011232036,11/5/2011,14:03,11/5/2011,14:15,11/5/2011,14:30,11/7/2011,8:00,0.1,9,46.34671315,-93.99719194
1,121,2011121106,11/5/2011,15:02,11/5/2011,15:20,11/5/2011,16:06,12/20/2011,16:00,1,5,48.7953754,-96.03218332
1,111,2011111052,11/5/2011,16:00,11/5/2011,16:25,11/5/2011,17:00,11/15/2011,12:00,2,5,47.35878735,-95.76631379
2,261,2011261013,11/5/2011,19:15,11/5/2011,20:00,11/6/2011,2:00,11/28/2011,10:00,7,2,48.68733889,-94.41084773
1,121,2011121100,11/5/2011,19:50,11/5/2011,20:05,11/5/2011,20:37,12/19/2011,8:00,20,7,48.95704157,-95.40550635
2,244,2011244055,11/5/2011,20:02,11/5/2011,20:59,11/6/2011,0:00,11/9/2011,8:00,85,9,46.2599592,-92.35586141
2,232,2011232037,11/5/2011,22:04,11/5/2011,22:40,11/5/2011,22:45,11/7/2011,8:00,0.25,9,46.39364866,-94.03351707
1,111,2011111053,11/6/2011,0:29,11/6/2011,0:34,11/6/2011,1:18,11/7/2011,8:00,0.2,5,47.44810695,-94.85029129
1,111,2011111051,11/6/2011,9:00,11/6/2011,10:00,11/7/2011,17:00,12/1/2011,8:00,21,7,47.30179687,-95.50137169
2,234,2011234034,11/6/2011,14:43,11/6/2011,14:55,11/6/2011,15:15,11/14/2011,8:00,0.5,5,47.36815733,-92.9026248
1,117,2011117007,11/6/2011,15:55,11/6/2011,16:20,11/6/2011,18:00,12/22/2011,12:00,0.5,5,47.76718204,-94.63095872
2,245,2011245029,11/6/2011,17:15,11/6/2011,18:00,11/6/2011,18:15,11/9/2011,8:00,0.1,5,47.88990659,-92.37656788
1,142,2011142020,11/7/2011,1:35,11/7/2011,1:40,11/7/2011,2:20,11/7/2011,10:30,2.5,9,46.55977446,-94.59046831
2,244,2011244056,11/7/2011,5:00,11/7/2011,5:30,11/7/2011,5:35,11/7/2011,6:00,0.1,9,46.36274284,-92.84269042
3,312,2011312051,11/7/2011,15:00,11/7/2011,15:15,11/7/2011,16:45,11/9/2011,12:00,5,9,46.18100035,-95.04404605
3,351,2011351054,11/7/2011,15:25,11/7/2011,15:30,11/7/2011,15:45,11/8/2011,12:00,0.1,2,45.48136535,-93.58559831
3,351,2011351055,11/8/2011,9:49,11/8/2011,10:27,11/8/2011,16:30,11/14/2011,11:00,0.25,4,45.38321813,-93.3807601
2,234,2011234033,11/8/2011,12:38,11/8/2011,13:30,11/8/2011,13:40,11/21/2011,8:00,0.25,9,47.41285922,-92.75247204
1,117,2011117008,11/9/2011,8:30,11/9/2011,10:00,11/9/2011,11:30,11/17/2011,12:00,0.1,9,48.15807086,-94.49149288
2,253,2011253021,11/9/2011,9:00,11/9/2011,9:30,11/9/2011,10:00,11/10/2011,12:00,0.01,6,47.37791166,-91.63325301
3,351,2011351063,11/9/2011,11:00,11/9/2011,11:20,11/9/2011,11:40,11/21/2011,8:00,3,9,45.01641019,-94.10664933
3,312,2011312048,11/9/2011,12:00,11/9/2011,12:26,11/9/2011,12:27,11/9/2011,12:30,0.01,9,46.15155087,-93.88536053
2,244,2011244057,11/9/2011,16:40,11/9/2011,17:00,11/9/2011,17:40,11/10/2011,8:00,0.25,9,45.96289889,-92.72523374
1,142,2011142021,11/11/2011,11:35,11/11/2011,11:50,11/11/2011,11:50,11/11/2011,11:50,0.01,9,46.70952197,-94.39050627
1,142,2011142024,11/11/2011,13:58,11/11/2011,14:05,11/11/2011,14:09,11/11/2011,14:45,0.1,5,46.41469068,-94.33037124
1,121,2011121108,11/11/2011,15:50,11/11/2011,16:10,11/11/2011,16:40,11/11/2011,16:40,2,7,48.42649971,-95.78765313
3,351,2011351056,11/12/2011,2:00,11/12/2011,2:15,11/12/2011,3:30,11/29/2011,10:20,0.8,7,45.30356883,-93.33953673
1,142,2011142022,11/12/2011,7:30,11/12/2011,8:00,11/12/2011,8:00,11/12/2011,8:00,0.01,2,46.70046115,-94.70442262
3,351,2011351057,11/12/2011,13:57,11/12/2011,14:14,11/12/2011,15:12,11/16/2011,16:00,16,2,45.72551917,-93.05538828
3,351,2011351058,11/12/2011,14:10,11/12/2011,14:38,11/12/2011,16:37,11/14/2011,16:00,2.6,2,45.50814156,-93.00399408
3,351,2011351059,11/12/2011,15:25,11/12/2011,15:45,11/12/2011,18:15,11/14/2011,12:00,3,5,45.55349857,-93.52874493
2,232,2011232039,11/12/2011,17:30,11/12/2011,18:00,11/12/2011,18:30,11/18/2011,8:00,3.5,9,46.30369044,-94.29073466
2,244,2011244058,11/12/2011,17:37,11/12/2011,17:48,11/12/2011,18:30,11/13/2011,8:00,1,3,46.37331439,-92.81640857
1,142,2011142023,11/12/2011,17:41,11/12/2011,18:15,11/12/2011,19:45,11/28/2011,8:00,17,9,46.60338653,-94.54383676
1,161,2011161027,11/12/2011,17:45,11/12/2011,18:00,11/12/2011,18:30,11/12/2011,19:00,1,5,46.71593855,-95.14042178
2,232,2011232043,11/12/2011,18:00,11/12/2011,18:50,11/12/2011,18:50,11/12/2011,18:50,0.1,5,46.65072476,-93.48750949
3,312,2011312049,11/12/2011,18:42,11/12/2011,19:15,11/12/2011,21:00,12/5/2011,8:00,0.7,5,45.61865074,-93.58712835
3,351,2011351060,11/13/2011,12:08,11/13/2011,12:34,11/13/2011,13:21,11/15/2011,16:00,0.25,5,45.72173929,-93.34071136
2,245,2011245030,11/13/2011,16:00,11/13/2011,16:30,11/13/2011,16:30,11/22/2011,8:00,0.01,5,47.89433055,-92.55599932
2,251,2011251032,11/14/2011,13:48,11/14/2011,14:30,11/14/2011,14:46,11/14/2011,16:56,0.5,9,46.79715489,-92.58913831
3,351,2011351061,11/14/2011,15:06,11/14/2011,15:11,11/14/2011,16:34,11/15/2011,16:00,0.5,9,45.54458698,-93.00407352
3,343,2011343002,11/16/2011,8:20,11/16/2011,8:30,11/16/2011,22:50,12/1/2011,11:00,37,7,44.37168839,-94.07242175
3,312,2011312050,11/16/2011,14:05,11/16/2011,14:15,11/16/2011,15:30,11/18/2011,8:00,1,9,45.56137058,-93.63710688
3,341,2011334006,11/16/2011,16:15,11/16/2011,16:18,11/16/2011,16:43,11/16/2011,18:00,1,2,44.18505466,-92.18712114
3,351,2011351062,11/17/2011,14:19,11/17/2011,14:31,11/17/2011,14:45,11/18/2011,9:00,0.5,5,45.63922645,-93.20617442
3,341,2011341002,11/18/2011,9:55,11/18/2011,10:05,11/18/2011,10:20,11/18/2011,11:00,0.2,2,43.72649119,-91.39513509
2,232,2011232042,11/23/2011,14:25,11/23/2011,15:20,11/23/2011,16:00,11/23/2011,16:00,0.1,5,46.69801068,-93.55580694
1,111,2011111057,11/28/2011,13:05,11/28/2011,13:30,12/1/2011,15:00,1/24/2012,8:00,900,5,47.43945918,-95.89860654
1,121,2011121115,11/29/2011,15:22,11/29/2011,15:40,11/29/2011,17:07,11/29/2011,17:07,80,7,48.48387609,-96.47233218
1,121,2011121114,11/29/2011,19:45,11/29/2011,20:00,11/29/2011,21:00,12/31/2011,20:00,40,7,48.37087949,-95.61001459
1,161,2011163032,12/1/2011,13:50,12/1/2011,15:17,12/2/2011,16:00,12/21/2011,15:00,1540,5,47.19665871,-96.33525514
1,121,2011121120,12/2/2011,10:05,12/2/2011,10:20,12/2/2011,12:00,12/2/2011,12:00,50,5,48.89194558,-95.42116795
3,343,2011343006,12/2/2011,14:30,12/2/2011,14:30,12/2/2011,14:30,12/13/2011,11:00,2,5,44.92675077,-94.33482972
1,161,2011161028,12/2/2011,16:55,12/2/2011,17:05,12/2/2011,18:00,12/5/2011,12:00,1.4,9,46.45778468,-95.13249381
3,312,2011312064,12/5/2011,14:17,12/5/2011,14:24,12/5/2011,14:30,12/5/2011,14:33,0.5,9,45.66094243,-93.85687684
3,312,2011312059,12/6/2011,12:20,12/6/2011,12:30,12/6/2011,12:56,12/6/2011,20:11,9,5,46.12962725,-93.80746969
3,312,2011312063,12/6/2011,21:37,12/6/2011,21:48,12/6/2011,21:53,12/6/2011,21:57,1,7,45.60198695,-93.83980917
3,312,2011312062,12/7/2011,15:52,12/7/2011,16:03,12/7/2011,16:15,12/7/2011,16:20,1,2,45.59816874,-93.81898051
3,312,2011312052,12/8/2011,12:38,12/8/2011,12:47,12/8/2011,13:41,12/19/2011,8:30,13,9,46.10125103,-94.21094711
3,312,2011312058,12/10/2011,12:06,12/10/2011,12:20,12/10/2011,12:50,12/12/2011,12:00,0.7,5,46.06157485,-95.11230738
3,312,2011312053,12/10/2011,14:00,12/10/2011,14:20,12/10/2011,14:45,12/19/2011,9:00,8,5,45.88192653,-93.81151567
3,312,2011312054,12/10/2011,15:30,12/10/2011,15:45,12/10/2011,17:00,12/19/2011,11:00,61,7,45.87597535,-93.8972226
3,312,2011312061,12/10/2011,17:09,12/10/2011,17:15,12/10/2011,17:19,12/10/2011,17:23,0.5,5,45.66443098,-93.95388912
3,312,2011312055,12/10/2011,23:58,12/11/2011,0:20,12/11/2011,1:00,12/19/2011,11:00,2,7,46.09519844,-94.63237502
1,111,2011111058,12/11/2011,12:39,12/11/2011,12:40,12/11/2011,13:48,12/15/2011,8:00,4,3,47.58233999,-94.69029358
3,312,2011312056,12/11/2011,14:00,12/11/2011,14:20,12/11/2011,15:50,12/20/2011,14:00,20,5,45.72298815,-93.89638946
1,121,2011121118,12/11/2011,14:15,12/11/2011,14:30,12/11/2011,15:40,12/11/2011,15:40,1,7,48.30534277,-95.7242764
3,312,2011312057,12/11/2011,17:10,12/11/2011,17:25,12/11/2011,17:45,12/12/2011,8:00,0.8,7,46.0084724,-93.26127452
1,121,2011121119,12/11/2011,18:30,12/11/2011,18:45,12/11/2011,19:00,12/11/2011,19:00,1,7,48.29429445,-95.55417924
1,121,2011121116,12/12/2011,10:15,12/12/2011,13:00,12/14/2011,8:00,12/31/2011,20:00,3,7,48.28338976,-95.74084941
1,121,2011121117,12/12/2011,17:00,12/12/2011,17:30,12/14/2011,8:00,12/31/2011,20:00,20,7,48.40040309,-95.58762264
1,121,2011121121,12/12/2011,17:19,12/12/2011,17:30,12/12/2011,17:40,12/12/2011,17:40,1,7,48.61036049,-96.45128937
2,232,2011232041,12/12/2011,18:30,12/12/2011,19:00,12/12/2011,21:00,12/12/2011,21:00,60,5,46.56385817,-93.66365773
1,111,2011111059,12/13/2011,16:00,12/13/2011,16:20,12/13/2011,17:00,12/14/2011,8:00,160,5,47.83159716,-95.45905347
3,312,2011312060,12/15/2011,10:12,12/15/2011,10:23,12/15/2011,10:25,12/15/2011,12:00,0.1,9,46.09155855,-94.6218929
3,312,2011312065,12/18/2011,17:03,12/18/2011,17:12,12/18/2011,17:50,12/30/2011,10:00,1.5,5,45.78623262,-93.46494312
3,312,2011312066,12/19/2011,15:00,12/19/2011,15:15,12/19/2011,15:25,12/20/2011,10:00,0.7,5,45.90185728,-94.6513087
2,251,2011251033,12/20/2011,15:11,12/20/2011,15:21,12/20/2011,16:08,12/20/2011,17:27,4,5,47.19969919,-92.49095458
1,121,2011121122,12/20/2011,18:00,12/21/2011,9:15,12/22/2011,11:39,12/31/2011,20:00,86,7,48.26557632,-95.72485616
1,111,2011111060,12/20/2011,18:00,12/20/2011,18:00,12/20/2011,18:00,1/24/2012,8:00,60,5,47.18136151,-95.75018712
3,312,2011312068,12/20/2011,20:05,12/20/2011,20:20,12/20/2011,20:45,12/21/2011,10:00,0.5,7,45.89121855,-94.97145111
1,161,2011161029,12/21/2011,15:38,12/21/2011,15:50,12/21/2011,16:30,12/22/2011,12:00,4,5,46.53406788,-95.09597802
1,161,2011161030,12/22/2011,13:15,12/22/2011,13:30,12/22/2011,14:40,12/27/2011,12:00,1.5,7,46.55588822,-94.79811336
1,111,2011111061,12/26/2011,12:37,12/26/2011,13:20,12/26/2011,17:11,7/9/2012,8:00,750,2,47.8320246,-95.66437901
3,351,2011351064,12/26/2011,18:29,12/26/2011,18:34,12/26/2011,19:00,12/31/2011,8:00,1.5,2,45.44553955,-93.58050897
1,142,2011142025,12/26/2011,18:50,12/26/2011,19:15,12/26/2011,19:40,12/31/2011,23:59,7,9,46.69090643,-94.55912012
1,142,2011142026,12/26/2011,22:23,12/26/2011,22:45,12/26/2011,23:45,12/31/2011,23:59,15,5,46.68586778,-94.69386772
1,161,2011161031,12/27/2011,0:15,12/27/2011,0:30,12/27/2011,0:40,12/27/2011,1:00,0.01,9,46.74162877,-95.01475702
1,142,2011142027,12/27/2011,12:32,12/27/2011,13:10,12/27/2011,14:10,12/31/2011,8:00,10,5,46.8248123,-94.18839632
3,312,2011312069,12/27/2011,18:48,12/27/2011,19:09,12/27/2011,19:40,12/29/2011,10:30,0.5,7,45.83864569,-94.38662552
3,351,2011351065,12/28/2011,11:15,12/28/2011,11:37,12/28/2011,11:59,12/31/2011,8:00,5,9,45.34108138,-93.66746003
2,232,2011232045,12/28/2011,11:41,12/28/2011,11:45,12/28/2011,15:00,12/31/2011,23:59,15.8,5,46.21354086,-94.35267889
3,312,2011312067,12/28/2011,19:00,12/28/2011,19:08,12/28/2011,19:20,12/28/2011,19:25,1.5,7,45.73407179,-93.88204277
1,121,2011121123,12/29/2011,19:04,12/29/2011,19:13,12/29/2011,20:03,12/31/2011,20:00,0.25,7,48.70471662,-96.75583352
